Fpath,MaxIndex
20200227_DATA/ZA-F5-15_000/00000001.DCM,54
20200227_DATA/ZA-F5-15_000/00000002.DCM,54
20200227_DATA/ZA-F5-15_000/00000003.DCM,54
20200227_DATA/ZA-F5-15_000/00000004.DCM,54
20200227_DATA/ZA-F5-15_000/00000005.DCM,54
20200227_DATA/ZA-F5-15_000/00000006.DCM,54
20200227_DATA/ZA-F5-15_000/00000007.DCM,54
20200227_DATA/ZA-F5-15_000/00000008.DCM,54
20200227_DATA/ZA-F5-15_000/00000009.DCM,54
20200227_DATA/ZA-F5-15_000/00000010.DCM,54
20200227_DATA/ZA-F5-15_000/00000011.DCM,54
20200227_DATA/ZA-F5-15_000/00000012.DCM,54
20200227_DATA/ZA-F5-15_000/00000013.DCM,54
20200227_DATA/ZA-F5-15_000/00000014.DCM,54
20200227_DATA/ZA-F5-15_000/00000015.DCM,54
20200227_DATA/ZA-F5-15_000/00000016.DCM,54
20200227_DATA/ZA-F5-15_000/00000017.DCM,54
20200227_DATA/ZA-F5-15_000/00000018.DCM,54
20200227_DATA/ZA-F5-15_000/00000019.DCM,54
20200227_DATA/ZA-F5-15_000/00000020.DCM,54
20200227_DATA/ZA-F5-15_000/00000021.DCM,54
20200227_DATA/ZA-F5-15_000/00000022.DCM,54
20200227_DATA/ZA-F5-15_000/00000023.DCM,54
20200227_DATA/ZA-F5-15_000/00000024.DCM,54
20200227_DATA/ZA-F5-15_000/00000025.DCM,54
20200227_DATA/ZA-F5-15_000/00000026.DCM,54
20200227_DATA/ZA-F5-15_000/00000027.DCM,54
20200227_DATA/ZA-F5-15_000/00000028.DCM,54
20200227_DATA/ZA-F5-15_000/00000029.DCM,54
20200227_DATA/ZA-F5-15_000/00000030.DCM,54
20200227_DATA/ZA-F5-15_000/00000031.DCM,54
20200227_DATA/ZA-F5-15_000/00000032.DCM,54
20200227_DATA/ZA-F5-15_000/00000033.DCM,54
20200227_DATA/ZA-F5-15_000/00000034.DCM,54
20200227_DATA/ZA-F5-15_000/00000035.DCM,54
20200227_DATA/ZA-F5-15_000/00000036.DCM,54
20200227_DATA/ZA-F5-15_000/00000037.DCM,54
20200227_DATA/ZA-F5-15_000/00000038.DCM,54
20200227_DATA/ZA-F5-15_000/00000039.DCM,54
20200227_DATA/ZA-F5-15_000/00000040.DCM,54
20200227_DATA/ZA-F5-15_000/00000041.DCM,54
20200227_DATA/ZA-F5-15_000/00000042.DCM,54
20200227_DATA/ZA-F5-15_000/00000043.DCM,54
20200227_DATA/ZA-F5-15_000/00000044.DCM,54
20200227_DATA/ZA-F5-15_000/00000045.DCM,54
20200227_DATA/ZA-F5-15_000/00000046.DCM,54
20200227_DATA/ZA-F5-15_000/00000047.DCM,54
20200227_DATA/ZA-F5-15_000/00000048.DCM,54
20200227_DATA/ZA-F5-15_000/00000049.DCM,54
20200227_DATA/ZA-F5-15_000/00000050.DCM,54
20200227_DATA/ZA-F5-15_000/00000051.DCM,54
20200227_DATA/ZA-F5-15_000/00000052.DCM,54
20200227_DATA/ZA-F5-15_000/00000053.DCM,54
20200227_DATA/ZA-F5-15_000/00000054.DCM,54
20200227_DATA/ZA-F5-2_000/00000001.DCM,55
20200227_DATA/ZA-F5-2_000/00000002.DCM,55
20200227_DATA/ZA-F5-2_000/00000003.DCM,55
20200227_DATA/ZA-F5-2_000/00000004.DCM,55
20200227_DATA/ZA-F5-2_000/00000005.DCM,55
20200227_DATA/ZA-F5-2_000/00000006.DCM,55
20200227_DATA/ZA-F5-2_000/00000007.DCM,55
20200227_DATA/ZA-F5-2_000/00000008.DCM,55
20200227_DATA/ZA-F5-2_000/00000009.DCM,55
20200227_DATA/ZA-F5-2_000/00000010.DCM,55
20200227_DATA/ZA-F5-2_000/00000011.DCM,55
20200227_DATA/ZA-F5-2_000/00000012.DCM,55
20200227_DATA/ZA-F5-2_000/00000013.DCM,55
20200227_DATA/ZA-F5-2_000/00000014.DCM,55
20200227_DATA/ZA-F5-2_000/00000015.DCM,55
20200227_DATA/ZA-F5-2_000/00000016.DCM,55
20200227_DATA/ZA-F5-2_000/00000017.DCM,55
20200227_DATA/ZA-F5-2_000/00000018.DCM,55
20200227_DATA/ZA-F5-2_000/00000019.DCM,55
20200227_DATA/ZA-F5-2_000/00000020.DCM,55
20200227_DATA/ZA-F5-2_000/00000021.DCM,55
20200227_DATA/ZA-F5-2_000/00000022.DCM,55
20200227_DATA/ZA-F5-2_000/00000023.DCM,55
20200227_DATA/ZA-F5-2_000/00000024.DCM,55
20200227_DATA/ZA-F5-2_000/00000025.DCM,55
20200227_DATA/ZA-F5-2_000/00000026.DCM,55
20200227_DATA/ZA-F5-2_000/00000027.DCM,55
20200227_DATA/ZA-F5-2_000/00000028.DCM,55
20200227_DATA/ZA-F5-2_000/00000029.DCM,55
20200227_DATA/ZA-F5-2_000/00000030.DCM,55
20200227_DATA/ZA-F5-2_000/00000031.DCM,55
20200227_DATA/ZA-F5-2_000/00000032.DCM,55
20200227_DATA/ZA-F5-2_000/00000033.DCM,55
20200227_DATA/ZA-F5-2_000/00000034.DCM,55
20200227_DATA/ZA-F5-2_000/00000035.DCM,55
20200227_DATA/ZA-F5-2_000/00000036.DCM,55
20200227_DATA/ZA-F5-2_000/00000037.DCM,55
20200227_DATA/ZA-F5-2_000/00000038.DCM,55
20200227_DATA/ZA-F5-2_000/00000039.DCM,55
20200227_DATA/ZA-F5-2_000/00000040.DCM,55
20200227_DATA/ZA-F5-2_000/00000041.DCM,55
20200227_DATA/ZA-F5-2_000/00000042.DCM,55
20200227_DATA/ZA-F5-2_000/00000043.DCM,55
20200227_DATA/ZA-F5-2_000/00000044.DCM,55
20200227_DATA/ZA-F5-2_000/00000045.DCM,55
20200227_DATA/ZA-F5-2_000/00000046.DCM,55
20200227_DATA/ZA-F5-2_000/00000047.DCM,55
20200227_DATA/ZA-F5-2_000/00000048.DCM,55
20200227_DATA/ZA-F5-2_000/00000049.DCM,55
20200227_DATA/ZA-F5-2_000/00000050.DCM,55
20200227_DATA/ZA-F5-2_000/00000051.DCM,55
20200227_DATA/ZA-F5-2_000/00000052.DCM,55
20200227_DATA/ZA-F5-2_000/00000053.DCM,55
20200227_DATA/ZA-F5-2_000/00000054.DCM,55
20200227_DATA/ZA-F5-2_000/00000055.DCM,55
20200227_DATA/ZA-H10-5_000/00000001.DCM,44
20200227_DATA/ZA-H10-5_000/00000002.DCM,44
20200227_DATA/ZA-H10-5_000/00000003.DCM,44
20200227_DATA/ZA-H10-5_000/00000004.DCM,44
20200227_DATA/ZA-H10-5_000/00000005.DCM,44
20200227_DATA/ZA-H10-5_000/00000006.DCM,44
20200227_DATA/ZA-H10-5_000/00000007.DCM,44
20200227_DATA/ZA-H10-5_000/00000008.DCM,44
20200227_DATA/ZA-H10-5_000/00000009.DCM,44
20200227_DATA/ZA-H10-5_000/00000010.DCM,44
20200227_DATA/ZA-H10-5_000/00000011.DCM,44
20200227_DATA/ZA-H10-5_000/00000012.DCM,44
20200227_DATA/ZA-H10-5_000/00000013.DCM,44
20200227_DATA/ZA-H10-5_000/00000014.DCM,44
20200227_DATA/ZA-H10-5_000/00000015.DCM,44
20200227_DATA/ZA-H10-5_000/00000016.DCM,44
20200227_DATA/ZA-H10-5_000/00000017.DCM,44
20200227_DATA/ZA-H10-5_000/00000018.DCM,44
20200227_DATA/ZA-H10-5_000/00000019.DCM,44
20200227_DATA/ZA-H10-5_000/00000020.DCM,44
20200227_DATA/ZA-H10-5_000/00000021.DCM,44
20200227_DATA/ZA-H10-5_000/00000022.DCM,44
20200227_DATA/ZA-H10-5_000/00000023.DCM,44
20200227_DATA/ZA-H10-5_000/00000024.DCM,44
20200227_DATA/ZA-H10-5_000/00000025.DCM,44
20200227_DATA/ZA-H10-5_000/00000026.DCM,44
20200227_DATA/ZA-H10-5_000/00000027.DCM,44
20200227_DATA/ZA-H10-5_000/00000028.DCM,44
20200227_DATA/ZA-H10-5_000/00000029.DCM,44
20200227_DATA/ZA-H10-5_000/00000030.DCM,44
20200227_DATA/ZA-H10-5_000/00000031.DCM,44
20200227_DATA/ZA-H10-5_000/00000032.DCM,44
20200227_DATA/ZA-H10-5_000/00000033.DCM,44
20200227_DATA/ZA-H10-5_000/00000034.DCM,44
20200227_DATA/ZA-H10-5_000/00000035.DCM,44
20200227_DATA/ZA-H10-5_000/00000036.DCM,44
20200227_DATA/ZA-H10-5_000/00000037.DCM,44
20200227_DATA/ZA-H10-5_000/00000038.DCM,44
20200227_DATA/ZA-H10-5_000/00000039.DCM,44
20200227_DATA/ZA-H10-5_000/00000040.DCM,44
20200227_DATA/ZA-H10-5_000/00000041.DCM,44
20200227_DATA/ZA-H10-5_000/00000042.DCM,44
20200227_DATA/ZA-H10-5_000/00000043.DCM,44
20200227_DATA/ZA-H10-5_000/00000044.DCM,44
20200227_DATA/ZA-F5-14_000/00000001.DCM,51
20200227_DATA/ZA-F5-14_000/00000002.DCM,51
20200227_DATA/ZA-F5-14_000/00000003.DCM,51
20200227_DATA/ZA-F5-14_000/00000004.DCM,51
20200227_DATA/ZA-F5-14_000/00000005.DCM,51
20200227_DATA/ZA-F5-14_000/00000006.DCM,51
20200227_DATA/ZA-F5-14_000/00000007.DCM,51
20200227_DATA/ZA-F5-14_000/00000008.DCM,51
20200227_DATA/ZA-F5-14_000/00000009.DCM,51
20200227_DATA/ZA-F5-14_000/00000010.DCM,51
20200227_DATA/ZA-F5-14_000/00000011.DCM,51
20200227_DATA/ZA-F5-14_000/00000012.DCM,51
20200227_DATA/ZA-F5-14_000/00000013.DCM,51
20200227_DATA/ZA-F5-14_000/00000014.DCM,51
20200227_DATA/ZA-F5-14_000/00000015.DCM,51
20200227_DATA/ZA-F5-14_000/00000016.DCM,51
20200227_DATA/ZA-F5-14_000/00000017.DCM,51
20200227_DATA/ZA-F5-14_000/00000018.DCM,51
20200227_DATA/ZA-F5-14_000/00000019.DCM,51
20200227_DATA/ZA-F5-14_000/00000020.DCM,51
20200227_DATA/ZA-F5-14_000/00000021.DCM,51
20200227_DATA/ZA-F5-14_000/00000022.DCM,51
20200227_DATA/ZA-F5-14_000/00000023.DCM,51
20200227_DATA/ZA-F5-14_000/00000024.DCM,51
20200227_DATA/ZA-F5-14_000/00000025.DCM,51
20200227_DATA/ZA-F5-14_000/00000026.DCM,51
20200227_DATA/ZA-F5-14_000/00000027.DCM,51
20200227_DATA/ZA-F5-14_000/00000028.DCM,51
20200227_DATA/ZA-F5-14_000/00000029.DCM,51
20200227_DATA/ZA-F5-14_000/00000030.DCM,51
20200227_DATA/ZA-F5-14_000/00000031.DCM,51
20200227_DATA/ZA-F5-14_000/00000032.DCM,51
20200227_DATA/ZA-F5-14_000/00000033.DCM,51
20200227_DATA/ZA-F5-14_000/00000034.DCM,51
20200227_DATA/ZA-F5-14_000/00000035.DCM,51
20200227_DATA/ZA-F5-14_000/00000036.DCM,51
20200227_DATA/ZA-F5-14_000/00000037.DCM,51
20200227_DATA/ZA-F5-14_000/00000038.DCM,51
20200227_DATA/ZA-F5-14_000/00000039.DCM,51
20200227_DATA/ZA-F5-14_000/00000040.DCM,51
20200227_DATA/ZA-F5-14_000/00000041.DCM,51
20200227_DATA/ZA-F5-14_000/00000042.DCM,51
20200227_DATA/ZA-F5-14_000/00000043.DCM,51
20200227_DATA/ZA-F5-14_000/00000044.DCM,51
20200227_DATA/ZA-F5-14_000/00000045.DCM,51
20200227_DATA/ZA-F5-14_000/00000046.DCM,51
20200227_DATA/ZA-F5-14_000/00000047.DCM,51
20200227_DATA/ZA-F5-14_000/00000048.DCM,51
20200227_DATA/ZA-F5-14_000/00000049.DCM,51
20200227_DATA/ZA-F5-14_000/00000050.DCM,51
20200227_DATA/ZA-F5-14_000/00000051.DCM,51
20200227_DATA/ZA-F1-5_000/00000001.DCM,55
20200227_DATA/ZA-F1-5_000/00000002.DCM,55
20200227_DATA/ZA-F1-5_000/00000003.DCM,55
20200227_DATA/ZA-F1-5_000/00000004.DCM,55
20200227_DATA/ZA-F1-5_000/00000005.DCM,55
20200227_DATA/ZA-F1-5_000/00000006.DCM,55
20200227_DATA/ZA-F1-5_000/00000007.DCM,55
20200227_DATA/ZA-F1-5_000/00000008.DCM,55
20200227_DATA/ZA-F1-5_000/00000009.DCM,55
20200227_DATA/ZA-F1-5_000/00000010.DCM,55
20200227_DATA/ZA-F1-5_000/00000011.DCM,55
20200227_DATA/ZA-F1-5_000/00000012.DCM,55
20200227_DATA/ZA-F1-5_000/00000013.DCM,55
20200227_DATA/ZA-F1-5_000/00000014.DCM,55
20200227_DATA/ZA-F1-5_000/00000015.DCM,55
20200227_DATA/ZA-F1-5_000/00000016.DCM,55
20200227_DATA/ZA-F1-5_000/00000017.DCM,55
20200227_DATA/ZA-F1-5_000/00000018.DCM,55
20200227_DATA/ZA-F1-5_000/00000019.DCM,55
20200227_DATA/ZA-F1-5_000/00000020.DCM,55
20200227_DATA/ZA-F1-5_000/00000021.DCM,55
20200227_DATA/ZA-F1-5_000/00000022.DCM,55
20200227_DATA/ZA-F1-5_000/00000023.DCM,55
20200227_DATA/ZA-F1-5_000/00000024.DCM,55
20200227_DATA/ZA-F1-5_000/00000025.DCM,55
20200227_DATA/ZA-F1-5_000/00000026.DCM,55
20200227_DATA/ZA-F1-5_000/00000027.DCM,55
20200227_DATA/ZA-F1-5_000/00000028.DCM,55
20200227_DATA/ZA-F1-5_000/00000029.DCM,55
20200227_DATA/ZA-F1-5_000/00000030.DCM,55
20200227_DATA/ZA-F1-5_000/00000031.DCM,55
20200227_DATA/ZA-F1-5_000/00000032.DCM,55
20200227_DATA/ZA-F1-5_000/00000033.DCM,55
20200227_DATA/ZA-F1-5_000/00000034.DCM,55
20200227_DATA/ZA-F1-5_000/00000035.DCM,55
20200227_DATA/ZA-F1-5_000/00000036.DCM,55
20200227_DATA/ZA-F1-5_000/00000037.DCM,55
20200227_DATA/ZA-F1-5_000/00000038.DCM,55
20200227_DATA/ZA-F1-5_000/00000039.DCM,55
20200227_DATA/ZA-F1-5_000/00000040.DCM,55
20200227_DATA/ZA-F1-5_000/00000041.DCM,55
20200227_DATA/ZA-F1-5_000/00000042.DCM,55
20200227_DATA/ZA-F1-5_000/00000043.DCM,55
20200227_DATA/ZA-F1-5_000/00000044.DCM,55
20200227_DATA/ZA-F1-5_000/00000045.DCM,55
20200227_DATA/ZA-F1-5_000/00000046.DCM,55
20200227_DATA/ZA-F1-5_000/00000047.DCM,55
20200227_DATA/ZA-F1-5_000/00000048.DCM,55
20200227_DATA/ZA-F1-5_000/00000049.DCM,55
20200227_DATA/ZA-F1-5_000/00000050.DCM,55
20200227_DATA/ZA-F1-5_000/00000051.DCM,55
20200227_DATA/ZA-F1-5_000/00000052.DCM,55
20200227_DATA/ZA-F1-5_000/00000053.DCM,55
20200227_DATA/ZA-F1-5_000/00000054.DCM,55
20200227_DATA/ZA-F1-5_000/00000055.DCM,55
20200227_DATA/ZA-H10-29_000/00000001.DCM,47
20200227_DATA/ZA-H10-29_000/00000002.DCM,47
20200227_DATA/ZA-H10-29_000/00000003.DCM,47
20200227_DATA/ZA-H10-29_000/00000004.DCM,47
20200227_DATA/ZA-H10-29_000/00000005.DCM,47
20200227_DATA/ZA-H10-29_000/00000006.DCM,47
20200227_DATA/ZA-H10-29_000/00000007.DCM,47
20200227_DATA/ZA-H10-29_000/00000008.DCM,47
20200227_DATA/ZA-H10-29_000/00000009.DCM,47
20200227_DATA/ZA-H10-29_000/00000010.DCM,47
20200227_DATA/ZA-H10-29_000/00000011.DCM,47
20200227_DATA/ZA-H10-29_000/00000012.DCM,47
20200227_DATA/ZA-H10-29_000/00000013.DCM,47
20200227_DATA/ZA-H10-29_000/00000014.DCM,47
20200227_DATA/ZA-H10-29_000/00000015.DCM,47
20200227_DATA/ZA-H10-29_000/00000016.DCM,47
20200227_DATA/ZA-H10-29_000/00000017.DCM,47
20200227_DATA/ZA-H10-29_000/00000018.DCM,47
20200227_DATA/ZA-H10-29_000/00000019.DCM,47
20200227_DATA/ZA-H10-29_000/00000020.DCM,47
20200227_DATA/ZA-H10-29_000/00000021.DCM,47
20200227_DATA/ZA-H10-29_000/00000022.DCM,47
20200227_DATA/ZA-H10-29_000/00000023.DCM,47
20200227_DATA/ZA-H10-29_000/00000024.DCM,47
20200227_DATA/ZA-H10-29_000/00000025.DCM,47
20200227_DATA/ZA-H10-29_000/00000026.DCM,47
20200227_DATA/ZA-H10-29_000/00000027.DCM,47
20200227_DATA/ZA-H10-29_000/00000028.DCM,47
20200227_DATA/ZA-H10-29_000/00000029.DCM,47
20200227_DATA/ZA-H10-29_000/00000030.DCM,47
20200227_DATA/ZA-H10-29_000/00000031.DCM,47
20200227_DATA/ZA-H10-29_000/00000032.DCM,47
20200227_DATA/ZA-H10-29_000/00000033.DCM,47
20200227_DATA/ZA-H10-29_000/00000034.DCM,47
20200227_DATA/ZA-H10-29_000/00000035.DCM,47
20200227_DATA/ZA-H10-29_000/00000036.DCM,47
20200227_DATA/ZA-H10-29_000/00000037.DCM,47
20200227_DATA/ZA-H10-29_000/00000038.DCM,47
20200227_DATA/ZA-H10-29_000/00000039.DCM,47
20200227_DATA/ZA-H10-29_000/00000040.DCM,47
20200227_DATA/ZA-H10-29_000/00000041.DCM,47
20200227_DATA/ZA-H10-29_000/00000042.DCM,47
20200227_DATA/ZA-H10-29_000/00000043.DCM,47
20200227_DATA/ZA-H10-29_000/00000044.DCM,47
20200227_DATA/ZA-H10-29_000/00000045.DCM,47
20200227_DATA/ZA-H10-29_000/00000046.DCM,47
20200227_DATA/ZA-H10-29_000/00000047.DCM,47
20200227_DATA/ZA-F6-23_000/00000001.DCM,51
20200227_DATA/ZA-F6-23_000/00000002.DCM,51
20200227_DATA/ZA-F6-23_000/00000003.DCM,51
20200227_DATA/ZA-F6-23_000/00000004.DCM,51
20200227_DATA/ZA-F6-23_000/00000005.DCM,51
20200227_DATA/ZA-F6-23_000/00000006.DCM,51
20200227_DATA/ZA-F6-23_000/00000007.DCM,51
20200227_DATA/ZA-F6-23_000/00000008.DCM,51
20200227_DATA/ZA-F6-23_000/00000009.DCM,51
20200227_DATA/ZA-F6-23_000/00000010.DCM,51
20200227_DATA/ZA-F6-23_000/00000011.DCM,51
20200227_DATA/ZA-F6-23_000/00000012.DCM,51
20200227_DATA/ZA-F6-23_000/00000013.DCM,51
20200227_DATA/ZA-F6-23_000/00000014.DCM,51
20200227_DATA/ZA-F6-23_000/00000015.DCM,51
20200227_DATA/ZA-F6-23_000/00000016.DCM,51
20200227_DATA/ZA-F6-23_000/00000017.DCM,51
20200227_DATA/ZA-F6-23_000/00000018.DCM,51
20200227_DATA/ZA-F6-23_000/00000019.DCM,51
20200227_DATA/ZA-F6-23_000/00000020.DCM,51
20200227_DATA/ZA-F6-23_000/00000021.DCM,51
20200227_DATA/ZA-F6-23_000/00000022.DCM,51
20200227_DATA/ZA-F6-23_000/00000023.DCM,51
20200227_DATA/ZA-F6-23_000/00000024.DCM,51
20200227_DATA/ZA-F6-23_000/00000025.DCM,51
20200227_DATA/ZA-F6-23_000/00000026.DCM,51
20200227_DATA/ZA-F6-23_000/00000027.DCM,51
20200227_DATA/ZA-F6-23_000/00000028.DCM,51
20200227_DATA/ZA-F6-23_000/00000029.DCM,51
20200227_DATA/ZA-F6-23_000/00000030.DCM,51
20200227_DATA/ZA-F6-23_000/00000031.DCM,51
20200227_DATA/ZA-F6-23_000/00000032.DCM,51
20200227_DATA/ZA-F6-23_000/00000033.DCM,51
20200227_DATA/ZA-F6-23_000/00000034.DCM,51
20200227_DATA/ZA-F6-23_000/00000035.DCM,51
20200227_DATA/ZA-F6-23_000/00000036.DCM,51
20200227_DATA/ZA-F6-23_000/00000037.DCM,51
20200227_DATA/ZA-F6-23_000/00000038.DCM,51
20200227_DATA/ZA-F6-23_000/00000039.DCM,51
20200227_DATA/ZA-F6-23_000/00000040.DCM,51
20200227_DATA/ZA-F6-23_000/00000041.DCM,51
20200227_DATA/ZA-F6-23_000/00000042.DCM,51
20200227_DATA/ZA-F6-23_000/00000043.DCM,51
20200227_DATA/ZA-F6-23_000/00000044.DCM,51
20200227_DATA/ZA-F6-23_000/00000045.DCM,51
20200227_DATA/ZA-F6-23_000/00000046.DCM,51
20200227_DATA/ZA-F6-23_000/00000047.DCM,51
20200227_DATA/ZA-F6-23_000/00000048.DCM,51
20200227_DATA/ZA-F6-23_000/00000049.DCM,51
20200227_DATA/ZA-F6-23_000/00000050.DCM,51
20200227_DATA/ZA-F6-23_000/00000051.DCM,51
20200227_DATA/ZA-F3-26_000/00000001.DCM,61
20200227_DATA/ZA-F3-26_000/00000002.DCM,61
20200227_DATA/ZA-F3-26_000/00000003.DCM,61
20200227_DATA/ZA-F3-26_000/00000004.DCM,61
20200227_DATA/ZA-F3-26_000/00000005.DCM,61
20200227_DATA/ZA-F3-26_000/00000006.DCM,61
20200227_DATA/ZA-F3-26_000/00000007.DCM,61
20200227_DATA/ZA-F3-26_000/00000008.DCM,61
20200227_DATA/ZA-F3-26_000/00000009.DCM,61
20200227_DATA/ZA-F3-26_000/00000010.DCM,61
20200227_DATA/ZA-F3-26_000/00000011.DCM,61
20200227_DATA/ZA-F3-26_000/00000012.DCM,61
20200227_DATA/ZA-F3-26_000/00000013.DCM,61
20200227_DATA/ZA-F3-26_000/00000014.DCM,61
20200227_DATA/ZA-F3-26_000/00000015.DCM,61
20200227_DATA/ZA-F3-26_000/00000016.DCM,61
20200227_DATA/ZA-F3-26_000/00000017.DCM,61
20200227_DATA/ZA-F3-26_000/00000018.DCM,61
20200227_DATA/ZA-F3-26_000/00000019.DCM,61
20200227_DATA/ZA-F3-26_000/00000020.DCM,61
20200227_DATA/ZA-F3-26_000/00000021.DCM,61
20200227_DATA/ZA-F3-26_000/00000022.DCM,61
20200227_DATA/ZA-F3-26_000/00000023.DCM,61
20200227_DATA/ZA-F3-26_000/00000024.DCM,61
20200227_DATA/ZA-F3-26_000/00000025.DCM,61
20200227_DATA/ZA-F3-26_000/00000026.DCM,61
20200227_DATA/ZA-F3-26_000/00000027.DCM,61
20200227_DATA/ZA-F3-26_000/00000028.DCM,61
20200227_DATA/ZA-F3-26_000/00000029.DCM,61
20200227_DATA/ZA-F3-26_000/00000030.DCM,61
20200227_DATA/ZA-F3-26_000/00000031.DCM,61
20200227_DATA/ZA-F3-26_000/00000032.DCM,61
20200227_DATA/ZA-F3-26_000/00000033.DCM,61
20200227_DATA/ZA-F3-26_000/00000034.DCM,61
20200227_DATA/ZA-F3-26_000/00000035.DCM,61
20200227_DATA/ZA-F3-26_000/00000036.DCM,61
20200227_DATA/ZA-F3-26_000/00000037.DCM,61
20200227_DATA/ZA-F3-26_000/00000038.DCM,61
20200227_DATA/ZA-F3-26_000/00000039.DCM,61
20200227_DATA/ZA-F3-26_000/00000040.DCM,61
20200227_DATA/ZA-F3-26_000/00000041.DCM,61
20200227_DATA/ZA-F3-26_000/00000042.DCM,61
20200227_DATA/ZA-F3-26_000/00000043.DCM,61
20200227_DATA/ZA-F3-26_000/00000044.DCM,61
20200227_DATA/ZA-F3-26_000/00000045.DCM,61
20200227_DATA/ZA-F3-26_000/00000046.DCM,61
20200227_DATA/ZA-F3-26_000/00000047.DCM,61
20200227_DATA/ZA-F3-26_000/00000048.DCM,61
20200227_DATA/ZA-F3-26_000/00000049.DCM,61
20200227_DATA/ZA-F3-26_000/00000050.DCM,61
20200227_DATA/ZA-F3-26_000/00000051.DCM,61
20200227_DATA/ZA-F3-26_000/00000052.DCM,61
20200227_DATA/ZA-F3-26_000/00000053.DCM,61
20200227_DATA/ZA-F3-26_000/00000054.DCM,61
20200227_DATA/ZA-F3-26_000/00000055.DCM,61
20200227_DATA/ZA-F3-26_000/00000056.DCM,61
20200227_DATA/ZA-F3-26_000/00000057.DCM,61
20200227_DATA/ZA-F3-26_000/00000058.DCM,61
20200227_DATA/ZA-F3-26_000/00000059.DCM,61
20200227_DATA/ZA-F3-26_000/00000060.DCM,61
20200227_DATA/ZA-F3-26_000/00000061.DCM,61
20200227_DATA/ZA-F4-4_000/00000001.DCM,53
20200227_DATA/ZA-F4-4_000/00000002.DCM,53
20200227_DATA/ZA-F4-4_000/00000003.DCM,53
20200227_DATA/ZA-F4-4_000/00000004.DCM,53
20200227_DATA/ZA-F4-4_000/00000005.DCM,53
20200227_DATA/ZA-F4-4_000/00000006.DCM,53
20200227_DATA/ZA-F4-4_000/00000007.DCM,53
20200227_DATA/ZA-F4-4_000/00000008.DCM,53
20200227_DATA/ZA-F4-4_000/00000009.DCM,53
20200227_DATA/ZA-F4-4_000/00000010.DCM,53
20200227_DATA/ZA-F4-4_000/00000011.DCM,53
20200227_DATA/ZA-F4-4_000/00000012.DCM,53
20200227_DATA/ZA-F4-4_000/00000013.DCM,53
20200227_DATA/ZA-F4-4_000/00000014.DCM,53
20200227_DATA/ZA-F4-4_000/00000015.DCM,53
20200227_DATA/ZA-F4-4_000/00000016.DCM,53
20200227_DATA/ZA-F4-4_000/00000017.DCM,53
20200227_DATA/ZA-F4-4_000/00000018.DCM,53
20200227_DATA/ZA-F4-4_000/00000019.DCM,53
20200227_DATA/ZA-F4-4_000/00000020.DCM,53
20200227_DATA/ZA-F4-4_000/00000021.DCM,53
20200227_DATA/ZA-F4-4_000/00000022.DCM,53
20200227_DATA/ZA-F4-4_000/00000023.DCM,53
20200227_DATA/ZA-F4-4_000/00000024.DCM,53
20200227_DATA/ZA-F4-4_000/00000025.DCM,53
20200227_DATA/ZA-F4-4_000/00000026.DCM,53
20200227_DATA/ZA-F4-4_000/00000027.DCM,53
20200227_DATA/ZA-F4-4_000/00000028.DCM,53
20200227_DATA/ZA-F4-4_000/00000029.DCM,53
20200227_DATA/ZA-F4-4_000/00000030.DCM,53
20200227_DATA/ZA-F4-4_000/00000031.DCM,53
20200227_DATA/ZA-F4-4_000/00000032.DCM,53
20200227_DATA/ZA-F4-4_000/00000033.DCM,53
20200227_DATA/ZA-F4-4_000/00000034.DCM,53
20200227_DATA/ZA-F4-4_000/00000035.DCM,53
20200227_DATA/ZA-F4-4_000/00000036.DCM,53
20200227_DATA/ZA-F4-4_000/00000037.DCM,53
20200227_DATA/ZA-F4-4_000/00000038.DCM,53
20200227_DATA/ZA-F4-4_000/00000039.DCM,53
20200227_DATA/ZA-F4-4_000/00000040.DCM,53
20200227_DATA/ZA-F4-4_000/00000041.DCM,53
20200227_DATA/ZA-F4-4_000/00000042.DCM,53
20200227_DATA/ZA-F4-4_000/00000043.DCM,53
20200227_DATA/ZA-F4-4_000/00000044.DCM,53
20200227_DATA/ZA-F4-4_000/00000045.DCM,53
20200227_DATA/ZA-F4-4_000/00000046.DCM,53
20200227_DATA/ZA-F4-4_000/00000047.DCM,53
20200227_DATA/ZA-F4-4_000/00000048.DCM,53
20200227_DATA/ZA-F4-4_000/00000049.DCM,53
20200227_DATA/ZA-F4-4_000/00000050.DCM,53
20200227_DATA/ZA-F4-4_000/00000051.DCM,53
20200227_DATA/ZA-F4-4_000/00000052.DCM,53
20200227_DATA/ZA-F4-4_000/00000053.DCM,53
20200227_DATA/ZA-F2-2_000/00000001.DCM,50
20200227_DATA/ZA-F2-2_000/00000002.DCM,50
20200227_DATA/ZA-F2-2_000/00000003.DCM,50
20200227_DATA/ZA-F2-2_000/00000004.DCM,50
20200227_DATA/ZA-F2-2_000/00000005.DCM,50
20200227_DATA/ZA-F2-2_000/00000006.DCM,50
20200227_DATA/ZA-F2-2_000/00000007.DCM,50
20200227_DATA/ZA-F2-2_000/00000008.DCM,50
20200227_DATA/ZA-F2-2_000/00000009.DCM,50
20200227_DATA/ZA-F2-2_000/00000010.DCM,50
20200227_DATA/ZA-F2-2_000/00000011.DCM,50
20200227_DATA/ZA-F2-2_000/00000012.DCM,50
20200227_DATA/ZA-F2-2_000/00000013.DCM,50
20200227_DATA/ZA-F2-2_000/00000014.DCM,50
20200227_DATA/ZA-F2-2_000/00000015.DCM,50
20200227_DATA/ZA-F2-2_000/00000016.DCM,50
20200227_DATA/ZA-F2-2_000/00000017.DCM,50
20200227_DATA/ZA-F2-2_000/00000018.DCM,50
20200227_DATA/ZA-F2-2_000/00000019.DCM,50
20200227_DATA/ZA-F2-2_000/00000020.DCM,50
20200227_DATA/ZA-F2-2_000/00000021.DCM,50
20200227_DATA/ZA-F2-2_000/00000022.DCM,50
20200227_DATA/ZA-F2-2_000/00000023.DCM,50
20200227_DATA/ZA-F2-2_000/00000024.DCM,50
20200227_DATA/ZA-F2-2_000/00000025.DCM,50
20200227_DATA/ZA-F2-2_000/00000026.DCM,50
20200227_DATA/ZA-F2-2_000/00000027.DCM,50
20200227_DATA/ZA-F2-2_000/00000028.DCM,50
20200227_DATA/ZA-F2-2_000/00000029.DCM,50
20200227_DATA/ZA-F2-2_000/00000030.DCM,50
20200227_DATA/ZA-F2-2_000/00000031.DCM,50
20200227_DATA/ZA-F2-2_000/00000032.DCM,50
20200227_DATA/ZA-F2-2_000/00000033.DCM,50
20200227_DATA/ZA-F2-2_000/00000034.DCM,50
20200227_DATA/ZA-F2-2_000/00000035.DCM,50
20200227_DATA/ZA-F2-2_000/00000036.DCM,50
20200227_DATA/ZA-F2-2_000/00000037.DCM,50
20200227_DATA/ZA-F2-2_000/00000038.DCM,50
20200227_DATA/ZA-F2-2_000/00000039.DCM,50
20200227_DATA/ZA-F2-2_000/00000040.DCM,50
20200227_DATA/ZA-F2-2_000/00000041.DCM,50
20200227_DATA/ZA-F2-2_000/00000042.DCM,50
20200227_DATA/ZA-F2-2_000/00000043.DCM,50
20200227_DATA/ZA-F2-2_000/00000044.DCM,50
20200227_DATA/ZA-F2-2_000/00000045.DCM,50
20200227_DATA/ZA-F2-2_000/00000046.DCM,50
20200227_DATA/ZA-F2-2_000/00000047.DCM,50
20200227_DATA/ZA-F2-2_000/00000048.DCM,50
20200227_DATA/ZA-F2-2_000/00000049.DCM,50
20200227_DATA/ZA-F2-2_000/00000050.DCM,50
20200227_DATA/ZA-F7-2_000/00000001.DCM,56
20200227_DATA/ZA-F7-2_000/00000002.DCM,56
20200227_DATA/ZA-F7-2_000/00000003.DCM,56
20200227_DATA/ZA-F7-2_000/00000004.DCM,56
20200227_DATA/ZA-F7-2_000/00000005.DCM,56
20200227_DATA/ZA-F7-2_000/00000006.DCM,56
20200227_DATA/ZA-F7-2_000/00000007.DCM,56
20200227_DATA/ZA-F7-2_000/00000008.DCM,56
20200227_DATA/ZA-F7-2_000/00000009.DCM,56
20200227_DATA/ZA-F7-2_000/00000010.DCM,56
20200227_DATA/ZA-F7-2_000/00000011.DCM,56
20200227_DATA/ZA-F7-2_000/00000012.DCM,56
20200227_DATA/ZA-F7-2_000/00000013.DCM,56
20200227_DATA/ZA-F7-2_000/00000014.DCM,56
20200227_DATA/ZA-F7-2_000/00000015.DCM,56
20200227_DATA/ZA-F7-2_000/00000016.DCM,56
20200227_DATA/ZA-F7-2_000/00000017.DCM,56
20200227_DATA/ZA-F7-2_000/00000018.DCM,56
20200227_DATA/ZA-F7-2_000/00000019.DCM,56
20200227_DATA/ZA-F7-2_000/00000020.DCM,56
20200227_DATA/ZA-F7-2_000/00000021.DCM,56
20200227_DATA/ZA-F7-2_000/00000022.DCM,56
20200227_DATA/ZA-F7-2_000/00000023.DCM,56
20200227_DATA/ZA-F7-2_000/00000024.DCM,56
20200227_DATA/ZA-F7-2_000/00000025.DCM,56
20200227_DATA/ZA-F7-2_000/00000026.DCM,56
20200227_DATA/ZA-F7-2_000/00000027.DCM,56
20200227_DATA/ZA-F7-2_000/00000028.DCM,56
20200227_DATA/ZA-F7-2_000/00000029.DCM,56
20200227_DATA/ZA-F7-2_000/00000030.DCM,56
20200227_DATA/ZA-F7-2_000/00000031.DCM,56
20200227_DATA/ZA-F7-2_000/00000032.DCM,56
20200227_DATA/ZA-F7-2_000/00000033.DCM,56
20200227_DATA/ZA-F7-2_000/00000034.DCM,56
20200227_DATA/ZA-F7-2_000/00000035.DCM,56
20200227_DATA/ZA-F7-2_000/00000036.DCM,56
20200227_DATA/ZA-F7-2_000/00000037.DCM,56
20200227_DATA/ZA-F7-2_000/00000038.DCM,56
20200227_DATA/ZA-F7-2_000/00000039.DCM,56
20200227_DATA/ZA-F7-2_000/00000040.DCM,56
20200227_DATA/ZA-F7-2_000/00000041.DCM,56
20200227_DATA/ZA-F7-2_000/00000042.DCM,56
20200227_DATA/ZA-F7-2_000/00000043.DCM,56
20200227_DATA/ZA-F7-2_000/00000044.DCM,56
20200227_DATA/ZA-F7-2_000/00000045.DCM,56
20200227_DATA/ZA-F7-2_000/00000046.DCM,56
20200227_DATA/ZA-F7-2_000/00000047.DCM,56
20200227_DATA/ZA-F7-2_000/00000048.DCM,56
20200227_DATA/ZA-F7-2_000/00000049.DCM,56
20200227_DATA/ZA-F7-2_000/00000050.DCM,56
20200227_DATA/ZA-F7-2_000/00000051.DCM,56
20200227_DATA/ZA-F7-2_000/00000052.DCM,56
20200227_DATA/ZA-F7-2_000/00000053.DCM,56
20200227_DATA/ZA-F7-2_000/00000054.DCM,56
20200227_DATA/ZA-F7-2_000/00000055.DCM,56
20200227_DATA/ZA-F7-2_000/00000056.DCM,56
20200227_DATA/ZA-H10-28_000/00000001.DCM,45
20200227_DATA/ZA-H10-28_000/00000002.DCM,45
20200227_DATA/ZA-H10-28_000/00000003.DCM,45
20200227_DATA/ZA-H10-28_000/00000004.DCM,45
20200227_DATA/ZA-H10-28_000/00000005.DCM,45
20200227_DATA/ZA-H10-28_000/00000006.DCM,45
20200227_DATA/ZA-H10-28_000/00000007.DCM,45
20200227_DATA/ZA-H10-28_000/00000008.DCM,45
20200227_DATA/ZA-H10-28_000/00000009.DCM,45
20200227_DATA/ZA-H10-28_000/00000010.DCM,45
20200227_DATA/ZA-H10-28_000/00000011.DCM,45
20200227_DATA/ZA-H10-28_000/00000012.DCM,45
20200227_DATA/ZA-H10-28_000/00000013.DCM,45
20200227_DATA/ZA-H10-28_000/00000014.DCM,45
20200227_DATA/ZA-H10-28_000/00000015.DCM,45
20200227_DATA/ZA-H10-28_000/00000016.DCM,45
20200227_DATA/ZA-H10-28_000/00000017.DCM,45
20200227_DATA/ZA-H10-28_000/00000018.DCM,45
20200227_DATA/ZA-H10-28_000/00000019.DCM,45
20200227_DATA/ZA-H10-28_000/00000020.DCM,45
20200227_DATA/ZA-H10-28_000/00000021.DCM,45
20200227_DATA/ZA-H10-28_000/00000022.DCM,45
20200227_DATA/ZA-H10-28_000/00000023.DCM,45
20200227_DATA/ZA-H10-28_000/00000024.DCM,45
20200227_DATA/ZA-H10-28_000/00000025.DCM,45
20200227_DATA/ZA-H10-28_000/00000026.DCM,45
20200227_DATA/ZA-H10-28_000/00000027.DCM,45
20200227_DATA/ZA-H10-28_000/00000028.DCM,45
20200227_DATA/ZA-H10-28_000/00000029.DCM,45
20200227_DATA/ZA-H10-28_000/00000030.DCM,45
20200227_DATA/ZA-H10-28_000/00000031.DCM,45
20200227_DATA/ZA-H10-28_000/00000032.DCM,45
20200227_DATA/ZA-H10-28_000/00000033.DCM,45
20200227_DATA/ZA-H10-28_000/00000034.DCM,45
20200227_DATA/ZA-H10-28_000/00000035.DCM,45
20200227_DATA/ZA-H10-28_000/00000036.DCM,45
20200227_DATA/ZA-H10-28_000/00000037.DCM,45
20200227_DATA/ZA-H10-28_000/00000038.DCM,45
20200227_DATA/ZA-H10-28_000/00000039.DCM,45
20200227_DATA/ZA-H10-28_000/00000040.DCM,45
20200227_DATA/ZA-H10-28_000/00000041.DCM,45
20200227_DATA/ZA-H10-28_000/00000042.DCM,45
20200227_DATA/ZA-H10-28_000/00000043.DCM,45
20200227_DATA/ZA-H10-28_000/00000044.DCM,45
20200227_DATA/ZA-H10-28_000/00000045.DCM,45
20200227_DATA/ZA-F9-5_000/00000001.DCM,52
20200227_DATA/ZA-F9-5_000/00000002.DCM,52
20200227_DATA/ZA-F9-5_000/00000003.DCM,52
20200227_DATA/ZA-F9-5_000/00000004.DCM,52
20200227_DATA/ZA-F9-5_000/00000005.DCM,52
20200227_DATA/ZA-F9-5_000/00000006.DCM,52
20200227_DATA/ZA-F9-5_000/00000007.DCM,52
20200227_DATA/ZA-F9-5_000/00000008.DCM,52
20200227_DATA/ZA-F9-5_000/00000009.DCM,52
20200227_DATA/ZA-F9-5_000/00000010.DCM,52
20200227_DATA/ZA-F9-5_000/00000011.DCM,52
20200227_DATA/ZA-F9-5_000/00000012.DCM,52
20200227_DATA/ZA-F9-5_000/00000013.DCM,52
20200227_DATA/ZA-F9-5_000/00000014.DCM,52
20200227_DATA/ZA-F9-5_000/00000015.DCM,52
20200227_DATA/ZA-F9-5_000/00000016.DCM,52
20200227_DATA/ZA-F9-5_000/00000017.DCM,52
20200227_DATA/ZA-F9-5_000/00000018.DCM,52
20200227_DATA/ZA-F9-5_000/00000019.DCM,52
20200227_DATA/ZA-F9-5_000/00000020.DCM,52
20200227_DATA/ZA-F9-5_000/00000021.DCM,52
20200227_DATA/ZA-F9-5_000/00000022.DCM,52
20200227_DATA/ZA-F9-5_000/00000023.DCM,52
20200227_DATA/ZA-F9-5_000/00000024.DCM,52
20200227_DATA/ZA-F9-5_000/00000025.DCM,52
20200227_DATA/ZA-F9-5_000/00000026.DCM,52
20200227_DATA/ZA-F9-5_000/00000027.DCM,52
20200227_DATA/ZA-F9-5_000/00000028.DCM,52
20200227_DATA/ZA-F9-5_000/00000029.DCM,52
20200227_DATA/ZA-F9-5_000/00000030.DCM,52
20200227_DATA/ZA-F9-5_000/00000031.DCM,52
20200227_DATA/ZA-F9-5_000/00000032.DCM,52
20200227_DATA/ZA-F9-5_000/00000033.DCM,52
20200227_DATA/ZA-F9-5_000/00000034.DCM,52
20200227_DATA/ZA-F9-5_000/00000035.DCM,52
20200227_DATA/ZA-F9-5_000/00000036.DCM,52
20200227_DATA/ZA-F9-5_000/00000037.DCM,52
20200227_DATA/ZA-F9-5_000/00000038.DCM,52
20200227_DATA/ZA-F9-5_000/00000039.DCM,52
20200227_DATA/ZA-F9-5_000/00000040.DCM,52
20200227_DATA/ZA-F9-5_000/00000041.DCM,52
20200227_DATA/ZA-F9-5_000/00000042.DCM,52
20200227_DATA/ZA-F9-5_000/00000043.DCM,52
20200227_DATA/ZA-F9-5_000/00000044.DCM,52
20200227_DATA/ZA-F9-5_000/00000045.DCM,52
20200227_DATA/ZA-F9-5_000/00000046.DCM,52
20200227_DATA/ZA-F9-5_000/00000047.DCM,52
20200227_DATA/ZA-F9-5_000/00000048.DCM,52
20200227_DATA/ZA-F9-5_000/00000049.DCM,52
20200227_DATA/ZA-F9-5_000/00000050.DCM,52
20200227_DATA/ZA-F9-5_000/00000051.DCM,52
20200227_DATA/ZA-F9-5_000/00000052.DCM,52
20200227_DATA/ZA-F7-1_000/00000001.DCM,57
20200227_DATA/ZA-F7-1_000/00000002.DCM,57
20200227_DATA/ZA-F7-1_000/00000003.DCM,57
20200227_DATA/ZA-F7-1_000/00000004.DCM,57
20200227_DATA/ZA-F7-1_000/00000005.DCM,57
20200227_DATA/ZA-F7-1_000/00000006.DCM,57
20200227_DATA/ZA-F7-1_000/00000007.DCM,57
20200227_DATA/ZA-F7-1_000/00000008.DCM,57
20200227_DATA/ZA-F7-1_000/00000009.DCM,57
20200227_DATA/ZA-F7-1_000/00000010.DCM,57
20200227_DATA/ZA-F7-1_000/00000011.DCM,57
20200227_DATA/ZA-F7-1_000/00000012.DCM,57
20200227_DATA/ZA-F7-1_000/00000013.DCM,57
20200227_DATA/ZA-F7-1_000/00000014.DCM,57
20200227_DATA/ZA-F7-1_000/00000015.DCM,57
20200227_DATA/ZA-F7-1_000/00000016.DCM,57
20200227_DATA/ZA-F7-1_000/00000017.DCM,57
20200227_DATA/ZA-F7-1_000/00000018.DCM,57
20200227_DATA/ZA-F7-1_000/00000019.DCM,57
20200227_DATA/ZA-F7-1_000/00000020.DCM,57
20200227_DATA/ZA-F7-1_000/00000021.DCM,57
20200227_DATA/ZA-F7-1_000/00000022.DCM,57
20200227_DATA/ZA-F7-1_000/00000023.DCM,57
20200227_DATA/ZA-F7-1_000/00000024.DCM,57
20200227_DATA/ZA-F7-1_000/00000025.DCM,57
20200227_DATA/ZA-F7-1_000/00000026.DCM,57
20200227_DATA/ZA-F7-1_000/00000027.DCM,57
20200227_DATA/ZA-F7-1_000/00000028.DCM,57
20200227_DATA/ZA-F7-1_000/00000029.DCM,57
20200227_DATA/ZA-F7-1_000/00000030.DCM,57
20200227_DATA/ZA-F7-1_000/00000031.DCM,57
20200227_DATA/ZA-F7-1_000/00000032.DCM,57
20200227_DATA/ZA-F7-1_000/00000033.DCM,57
20200227_DATA/ZA-F7-1_000/00000034.DCM,57
20200227_DATA/ZA-F7-1_000/00000035.DCM,57
20200227_DATA/ZA-F7-1_000/00000036.DCM,57
20200227_DATA/ZA-F7-1_000/00000037.DCM,57
20200227_DATA/ZA-F7-1_000/00000038.DCM,57
20200227_DATA/ZA-F7-1_000/00000039.DCM,57
20200227_DATA/ZA-F7-1_000/00000040.DCM,57
20200227_DATA/ZA-F7-1_000/00000041.DCM,57
20200227_DATA/ZA-F7-1_000/00000042.DCM,57
20200227_DATA/ZA-F7-1_000/00000043.DCM,57
20200227_DATA/ZA-F7-1_000/00000044.DCM,57
20200227_DATA/ZA-F7-1_000/00000045.DCM,57
20200227_DATA/ZA-F7-1_000/00000046.DCM,57
20200227_DATA/ZA-F7-1_000/00000047.DCM,57
20200227_DATA/ZA-F7-1_000/00000048.DCM,57
20200227_DATA/ZA-F7-1_000/00000049.DCM,57
20200227_DATA/ZA-F7-1_000/00000050.DCM,57
20200227_DATA/ZA-F7-1_000/00000051.DCM,57
20200227_DATA/ZA-F7-1_000/00000052.DCM,57
20200227_DATA/ZA-F7-1_000/00000053.DCM,57
20200227_DATA/ZA-F7-1_000/00000054.DCM,57
20200227_DATA/ZA-F7-1_000/00000055.DCM,57
20200227_DATA/ZA-F7-1_000/00000056.DCM,57
20200227_DATA/ZA-F7-1_000/00000057.DCM,57
20200227_DATA/ZA-F9-3_000/00000001.DCM,58
20200227_DATA/ZA-F9-3_000/00000002.DCM,58
20200227_DATA/ZA-F9-3_000/00000003.DCM,58
20200227_DATA/ZA-F9-3_000/00000004.DCM,58
20200227_DATA/ZA-F9-3_000/00000005.DCM,58
20200227_DATA/ZA-F9-3_000/00000006.DCM,58
20200227_DATA/ZA-F9-3_000/00000007.DCM,58
20200227_DATA/ZA-F9-3_000/00000008.DCM,58
20200227_DATA/ZA-F9-3_000/00000009.DCM,58
20200227_DATA/ZA-F9-3_000/00000010.DCM,58
20200227_DATA/ZA-F9-3_000/00000011.DCM,58
20200227_DATA/ZA-F9-3_000/00000012.DCM,58
20200227_DATA/ZA-F9-3_000/00000013.DCM,58
20200227_DATA/ZA-F9-3_000/00000014.DCM,58
20200227_DATA/ZA-F9-3_000/00000015.DCM,58
20200227_DATA/ZA-F9-3_000/00000016.DCM,58
20200227_DATA/ZA-F9-3_000/00000017.DCM,58
20200227_DATA/ZA-F9-3_000/00000018.DCM,58
20200227_DATA/ZA-F9-3_000/00000019.DCM,58
20200227_DATA/ZA-F9-3_000/00000020.DCM,58
20200227_DATA/ZA-F9-3_000/00000021.DCM,58
20200227_DATA/ZA-F9-3_000/00000022.DCM,58
20200227_DATA/ZA-F9-3_000/00000023.DCM,58
20200227_DATA/ZA-F9-3_000/00000024.DCM,58
20200227_DATA/ZA-F9-3_000/00000025.DCM,58
20200227_DATA/ZA-F9-3_000/00000026.DCM,58
20200227_DATA/ZA-F9-3_000/00000027.DCM,58
20200227_DATA/ZA-F9-3_000/00000028.DCM,58
20200227_DATA/ZA-F9-3_000/00000029.DCM,58
20200227_DATA/ZA-F9-3_000/00000030.DCM,58
20200227_DATA/ZA-F9-3_000/00000031.DCM,58
20200227_DATA/ZA-F9-3_000/00000032.DCM,58
20200227_DATA/ZA-F9-3_000/00000033.DCM,58
20200227_DATA/ZA-F9-3_000/00000034.DCM,58
20200227_DATA/ZA-F9-3_000/00000035.DCM,58
20200227_DATA/ZA-F9-3_000/00000036.DCM,58
20200227_DATA/ZA-F9-3_000/00000037.DCM,58
20200227_DATA/ZA-F9-3_000/00000038.DCM,58
20200227_DATA/ZA-F9-3_000/00000039.DCM,58
20200227_DATA/ZA-F9-3_000/00000040.DCM,58
20200227_DATA/ZA-F9-3_000/00000041.DCM,58
20200227_DATA/ZA-F9-3_000/00000042.DCM,58
20200227_DATA/ZA-F9-3_000/00000043.DCM,58
20200227_DATA/ZA-F9-3_000/00000044.DCM,58
20200227_DATA/ZA-F9-3_000/00000045.DCM,58
20200227_DATA/ZA-F9-3_000/00000046.DCM,58
20200227_DATA/ZA-F9-3_000/00000047.DCM,58
20200227_DATA/ZA-F9-3_000/00000048.DCM,58
20200227_DATA/ZA-F9-3_000/00000049.DCM,58
20200227_DATA/ZA-F9-3_000/00000050.DCM,58
20200227_DATA/ZA-F9-3_000/00000051.DCM,58
20200227_DATA/ZA-F9-3_000/00000052.DCM,58
20200227_DATA/ZA-F9-3_000/00000053.DCM,58
20200227_DATA/ZA-F9-3_000/00000054.DCM,58
20200227_DATA/ZA-F9-3_000/00000055.DCM,58
20200227_DATA/ZA-F9-3_000/00000056.DCM,58
20200227_DATA/ZA-F9-3_000/00000057.DCM,58
20200227_DATA/ZA-F9-3_000/00000058.DCM,58
20200227_DATA/ZA-F6-27_000/00000001.DCM,51
20200227_DATA/ZA-F6-27_000/00000002.DCM,51
20200227_DATA/ZA-F6-27_000/00000003.DCM,51
20200227_DATA/ZA-F6-27_000/00000004.DCM,51
20200227_DATA/ZA-F6-27_000/00000005.DCM,51
20200227_DATA/ZA-F6-27_000/00000006.DCM,51
20200227_DATA/ZA-F6-27_000/00000007.DCM,51
20200227_DATA/ZA-F6-27_000/00000008.DCM,51
20200227_DATA/ZA-F6-27_000/00000009.DCM,51
20200227_DATA/ZA-F6-27_000/00000010.DCM,51
20200227_DATA/ZA-F6-27_000/00000011.DCM,51
20200227_DATA/ZA-F6-27_000/00000012.DCM,51
20200227_DATA/ZA-F6-27_000/00000013.DCM,51
20200227_DATA/ZA-F6-27_000/00000014.DCM,51
20200227_DATA/ZA-F6-27_000/00000015.DCM,51
20200227_DATA/ZA-F6-27_000/00000016.DCM,51
20200227_DATA/ZA-F6-27_000/00000017.DCM,51
20200227_DATA/ZA-F6-27_000/00000018.DCM,51
20200227_DATA/ZA-F6-27_000/00000019.DCM,51
20200227_DATA/ZA-F6-27_000/00000020.DCM,51
20200227_DATA/ZA-F6-27_000/00000021.DCM,51
20200227_DATA/ZA-F6-27_000/00000022.DCM,51
20200227_DATA/ZA-F6-27_000/00000023.DCM,51
20200227_DATA/ZA-F6-27_000/00000024.DCM,51
20200227_DATA/ZA-F6-27_000/00000025.DCM,51
20200227_DATA/ZA-F6-27_000/00000026.DCM,51
20200227_DATA/ZA-F6-27_000/00000027.DCM,51
20200227_DATA/ZA-F6-27_000/00000028.DCM,51
20200227_DATA/ZA-F6-27_000/00000029.DCM,51
20200227_DATA/ZA-F6-27_000/00000030.DCM,51
20200227_DATA/ZA-F6-27_000/00000031.DCM,51
20200227_DATA/ZA-F6-27_000/00000032.DCM,51
20200227_DATA/ZA-F6-27_000/00000033.DCM,51
20200227_DATA/ZA-F6-27_000/00000034.DCM,51
20200227_DATA/ZA-F6-27_000/00000035.DCM,51
20200227_DATA/ZA-F6-27_000/00000036.DCM,51
20200227_DATA/ZA-F6-27_000/00000037.DCM,51
20200227_DATA/ZA-F6-27_000/00000038.DCM,51
20200227_DATA/ZA-F6-27_000/00000039.DCM,51
20200227_DATA/ZA-F6-27_000/00000040.DCM,51
20200227_DATA/ZA-F6-27_000/00000041.DCM,51
20200227_DATA/ZA-F6-27_000/00000042.DCM,51
20200227_DATA/ZA-F6-27_000/00000043.DCM,51
20200227_DATA/ZA-F6-27_000/00000044.DCM,51
20200227_DATA/ZA-F6-27_000/00000045.DCM,51
20200227_DATA/ZA-F6-27_000/00000046.DCM,51
20200227_DATA/ZA-F6-27_000/00000047.DCM,51
20200227_DATA/ZA-F6-27_000/00000048.DCM,51
20200227_DATA/ZA-F6-27_000/00000049.DCM,51
20200227_DATA/ZA-F6-27_000/00000050.DCM,51
20200227_DATA/ZA-F6-27_000/00000051.DCM,51
20200227_DATA/ZA-F9-7_000/00000001.DCM,55
20200227_DATA/ZA-F9-7_000/00000002.DCM,55
20200227_DATA/ZA-F9-7_000/00000003.DCM,55
20200227_DATA/ZA-F9-7_000/00000004.DCM,55
20200227_DATA/ZA-F9-7_000/00000005.DCM,55
20200227_DATA/ZA-F9-7_000/00000006.DCM,55
20200227_DATA/ZA-F9-7_000/00000007.DCM,55
20200227_DATA/ZA-F9-7_000/00000008.DCM,55
20200227_DATA/ZA-F9-7_000/00000009.DCM,55
20200227_DATA/ZA-F9-7_000/00000010.DCM,55
20200227_DATA/ZA-F9-7_000/00000011.DCM,55
20200227_DATA/ZA-F9-7_000/00000012.DCM,55
20200227_DATA/ZA-F9-7_000/00000013.DCM,55
20200227_DATA/ZA-F9-7_000/00000014.DCM,55
20200227_DATA/ZA-F9-7_000/00000015.DCM,55
20200227_DATA/ZA-F9-7_000/00000016.DCM,55
20200227_DATA/ZA-F9-7_000/00000017.DCM,55
20200227_DATA/ZA-F9-7_000/00000018.DCM,55
20200227_DATA/ZA-F9-7_000/00000019.DCM,55
20200227_DATA/ZA-F9-7_000/00000020.DCM,55
20200227_DATA/ZA-F9-7_000/00000021.DCM,55
20200227_DATA/ZA-F9-7_000/00000022.DCM,55
20200227_DATA/ZA-F9-7_000/00000023.DCM,55
20200227_DATA/ZA-F9-7_000/00000024.DCM,55
20200227_DATA/ZA-F9-7_000/00000025.DCM,55
20200227_DATA/ZA-F9-7_000/00000026.DCM,55
20200227_DATA/ZA-F9-7_000/00000027.DCM,55
20200227_DATA/ZA-F9-7_000/00000028.DCM,55
20200227_DATA/ZA-F9-7_000/00000029.DCM,55
20200227_DATA/ZA-F9-7_000/00000030.DCM,55
20200227_DATA/ZA-F9-7_000/00000031.DCM,55
20200227_DATA/ZA-F9-7_000/00000032.DCM,55
20200227_DATA/ZA-F9-7_000/00000033.DCM,55
20200227_DATA/ZA-F9-7_000/00000034.DCM,55
20200227_DATA/ZA-F9-7_000/00000035.DCM,55
20200227_DATA/ZA-F9-7_000/00000036.DCM,55
20200227_DATA/ZA-F9-7_000/00000037.DCM,55
20200227_DATA/ZA-F9-7_000/00000038.DCM,55
20200227_DATA/ZA-F9-7_000/00000039.DCM,55
20200227_DATA/ZA-F9-7_000/00000040.DCM,55
20200227_DATA/ZA-F9-7_000/00000041.DCM,55
20200227_DATA/ZA-F9-7_000/00000042.DCM,55
20200227_DATA/ZA-F9-7_000/00000043.DCM,55
20200227_DATA/ZA-F9-7_000/00000044.DCM,55
20200227_DATA/ZA-F9-7_000/00000045.DCM,55
20200227_DATA/ZA-F9-7_000/00000046.DCM,55
20200227_DATA/ZA-F9-7_000/00000047.DCM,55
20200227_DATA/ZA-F9-7_000/00000048.DCM,55
20200227_DATA/ZA-F9-7_000/00000049.DCM,55
20200227_DATA/ZA-F9-7_000/00000050.DCM,55
20200227_DATA/ZA-F9-7_000/00000051.DCM,55
20200227_DATA/ZA-F9-7_000/00000052.DCM,55
20200227_DATA/ZA-F9-7_000/00000053.DCM,55
20200227_DATA/ZA-F9-7_000/00000054.DCM,55
20200227_DATA/ZA-F9-7_000/00000055.DCM,55
20200227_DATA/ZA-F9-6_000/00000001.DCM,51
20200227_DATA/ZA-F9-6_000/00000002.DCM,51
20200227_DATA/ZA-F9-6_000/00000003.DCM,51
20200227_DATA/ZA-F9-6_000/00000004.DCM,51
20200227_DATA/ZA-F9-6_000/00000005.DCM,51
20200227_DATA/ZA-F9-6_000/00000006.DCM,51
20200227_DATA/ZA-F9-6_000/00000007.DCM,51
20200227_DATA/ZA-F9-6_000/00000008.DCM,51
20200227_DATA/ZA-F9-6_000/00000009.DCM,51
20200227_DATA/ZA-F9-6_000/00000010.DCM,51
20200227_DATA/ZA-F9-6_000/00000011.DCM,51
20200227_DATA/ZA-F9-6_000/00000012.DCM,51
20200227_DATA/ZA-F9-6_000/00000013.DCM,51
20200227_DATA/ZA-F9-6_000/00000014.DCM,51
20200227_DATA/ZA-F9-6_000/00000015.DCM,51
20200227_DATA/ZA-F9-6_000/00000016.DCM,51
20200227_DATA/ZA-F9-6_000/00000017.DCM,51
20200227_DATA/ZA-F9-6_000/00000018.DCM,51
20200227_DATA/ZA-F9-6_000/00000019.DCM,51
20200227_DATA/ZA-F9-6_000/00000020.DCM,51
20200227_DATA/ZA-F9-6_000/00000021.DCM,51
20200227_DATA/ZA-F9-6_000/00000022.DCM,51
20200227_DATA/ZA-F9-6_000/00000023.DCM,51
20200227_DATA/ZA-F9-6_000/00000024.DCM,51
20200227_DATA/ZA-F9-6_000/00000025.DCM,51
20200227_DATA/ZA-F9-6_000/00000026.DCM,51
20200227_DATA/ZA-F9-6_000/00000027.DCM,51
20200227_DATA/ZA-F9-6_000/00000028.DCM,51
20200227_DATA/ZA-F9-6_000/00000029.DCM,51
20200227_DATA/ZA-F9-6_000/00000030.DCM,51
20200227_DATA/ZA-F9-6_000/00000031.DCM,51
20200227_DATA/ZA-F9-6_000/00000032.DCM,51
20200227_DATA/ZA-F9-6_000/00000033.DCM,51
20200227_DATA/ZA-F9-6_000/00000034.DCM,51
20200227_DATA/ZA-F9-6_000/00000035.DCM,51
20200227_DATA/ZA-F9-6_000/00000036.DCM,51
20200227_DATA/ZA-F9-6_000/00000037.DCM,51
20200227_DATA/ZA-F9-6_000/00000038.DCM,51
20200227_DATA/ZA-F9-6_000/00000039.DCM,51
20200227_DATA/ZA-F9-6_000/00000040.DCM,51
20200227_DATA/ZA-F9-6_000/00000041.DCM,51
20200227_DATA/ZA-F9-6_000/00000042.DCM,51
20200227_DATA/ZA-F9-6_000/00000043.DCM,51
20200227_DATA/ZA-F9-6_000/00000044.DCM,51
20200227_DATA/ZA-F9-6_000/00000045.DCM,51
20200227_DATA/ZA-F9-6_000/00000046.DCM,51
20200227_DATA/ZA-F9-6_000/00000047.DCM,51
20200227_DATA/ZA-F9-6_000/00000048.DCM,51
20200227_DATA/ZA-F9-6_000/00000049.DCM,51
20200227_DATA/ZA-F9-6_000/00000050.DCM,51
20200227_DATA/ZA-F9-6_000/00000051.DCM,51
20200227_DATA/ZA-F4-3_000/00000001.DCM,46
20200227_DATA/ZA-F4-3_000/00000002.DCM,46
20200227_DATA/ZA-F4-3_000/00000003.DCM,46
20200227_DATA/ZA-F4-3_000/00000004.DCM,46
20200227_DATA/ZA-F4-3_000/00000005.DCM,46
20200227_DATA/ZA-F4-3_000/00000006.DCM,46
20200227_DATA/ZA-F4-3_000/00000007.DCM,46
20200227_DATA/ZA-F4-3_000/00000008.DCM,46
20200227_DATA/ZA-F4-3_000/00000009.DCM,46
20200227_DATA/ZA-F4-3_000/00000010.DCM,46
20200227_DATA/ZA-F4-3_000/00000011.DCM,46
20200227_DATA/ZA-F4-3_000/00000012.DCM,46
20200227_DATA/ZA-F4-3_000/00000013.DCM,46
20200227_DATA/ZA-F4-3_000/00000014.DCM,46
20200227_DATA/ZA-F4-3_000/00000015.DCM,46
20200227_DATA/ZA-F4-3_000/00000016.DCM,46
20200227_DATA/ZA-F4-3_000/00000017.DCM,46
20200227_DATA/ZA-F4-3_000/00000018.DCM,46
20200227_DATA/ZA-F4-3_000/00000019.DCM,46
20200227_DATA/ZA-F4-3_000/00000020.DCM,46
20200227_DATA/ZA-F4-3_000/00000021.DCM,46
20200227_DATA/ZA-F4-3_000/00000022.DCM,46
20200227_DATA/ZA-F4-3_000/00000023.DCM,46
20200227_DATA/ZA-F4-3_000/00000024.DCM,46
20200227_DATA/ZA-F4-3_000/00000025.DCM,46
20200227_DATA/ZA-F4-3_000/00000026.DCM,46
20200227_DATA/ZA-F4-3_000/00000027.DCM,46
20200227_DATA/ZA-F4-3_000/00000028.DCM,46
20200227_DATA/ZA-F4-3_000/00000029.DCM,46
20200227_DATA/ZA-F4-3_000/00000030.DCM,46
20200227_DATA/ZA-F4-3_000/00000031.DCM,46
20200227_DATA/ZA-F4-3_000/00000032.DCM,46
20200227_DATA/ZA-F4-3_000/00000033.DCM,46
20200227_DATA/ZA-F4-3_000/00000034.DCM,46
20200227_DATA/ZA-F4-3_000/00000035.DCM,46
20200227_DATA/ZA-F4-3_000/00000036.DCM,46
20200227_DATA/ZA-F4-3_000/00000037.DCM,46
20200227_DATA/ZA-F4-3_000/00000038.DCM,46
20200227_DATA/ZA-F4-3_000/00000039.DCM,46
20200227_DATA/ZA-F4-3_000/00000040.DCM,46
20200227_DATA/ZA-F4-3_000/00000041.DCM,46
20200227_DATA/ZA-F4-3_000/00000042.DCM,46
20200227_DATA/ZA-F4-3_000/00000043.DCM,46
20200227_DATA/ZA-F4-3_000/00000044.DCM,46
20200227_DATA/ZA-F4-3_000/00000045.DCM,46
20200227_DATA/ZA-F4-3_000/00000046.DCM,46
20200227_DATA/ZA-F3-24_000/00000001.DCM,64
20200227_DATA/ZA-F3-24_000/00000002.DCM,64
20200227_DATA/ZA-F3-24_000/00000003.DCM,64
20200227_DATA/ZA-F3-24_000/00000004.DCM,64
20200227_DATA/ZA-F3-24_000/00000005.DCM,64
20200227_DATA/ZA-F3-24_000/00000006.DCM,64
20200227_DATA/ZA-F3-24_000/00000007.DCM,64
20200227_DATA/ZA-F3-24_000/00000008.DCM,64
20200227_DATA/ZA-F3-24_000/00000009.DCM,64
20200227_DATA/ZA-F3-24_000/00000010.DCM,64
20200227_DATA/ZA-F3-24_000/00000011.DCM,64
20200227_DATA/ZA-F3-24_000/00000012.DCM,64
20200227_DATA/ZA-F3-24_000/00000013.DCM,64
20200227_DATA/ZA-F3-24_000/00000014.DCM,64
20200227_DATA/ZA-F3-24_000/00000015.DCM,64
20200227_DATA/ZA-F3-24_000/00000016.DCM,64
20200227_DATA/ZA-F3-24_000/00000017.DCM,64
20200227_DATA/ZA-F3-24_000/00000018.DCM,64
20200227_DATA/ZA-F3-24_000/00000019.DCM,64
20200227_DATA/ZA-F3-24_000/00000020.DCM,64
20200227_DATA/ZA-F3-24_000/00000021.DCM,64
20200227_DATA/ZA-F3-24_000/00000022.DCM,64
20200227_DATA/ZA-F3-24_000/00000023.DCM,64
20200227_DATA/ZA-F3-24_000/00000024.DCM,64
20200227_DATA/ZA-F3-24_000/00000025.DCM,64
20200227_DATA/ZA-F3-24_000/00000026.DCM,64
20200227_DATA/ZA-F3-24_000/00000027.DCM,64
20200227_DATA/ZA-F3-24_000/00000028.DCM,64
20200227_DATA/ZA-F3-24_000/00000029.DCM,64
20200227_DATA/ZA-F3-24_000/00000030.DCM,64
20200227_DATA/ZA-F3-24_000/00000031.DCM,64
20200227_DATA/ZA-F3-24_000/00000032.DCM,64
20200227_DATA/ZA-F3-24_000/00000033.DCM,64
20200227_DATA/ZA-F3-24_000/00000034.DCM,64
20200227_DATA/ZA-F3-24_000/00000035.DCM,64
20200227_DATA/ZA-F3-24_000/00000036.DCM,64
20200227_DATA/ZA-F3-24_000/00000037.DCM,64
20200227_DATA/ZA-F3-24_000/00000038.DCM,64
20200227_DATA/ZA-F3-24_000/00000039.DCM,64
20200227_DATA/ZA-F3-24_000/00000040.DCM,64
20200227_DATA/ZA-F3-24_000/00000041.DCM,64
20200227_DATA/ZA-F3-24_000/00000042.DCM,64
20200227_DATA/ZA-F3-24_000/00000043.DCM,64
20200227_DATA/ZA-F3-24_000/00000044.DCM,64
20200227_DATA/ZA-F3-24_000/00000045.DCM,64
20200227_DATA/ZA-F3-24_000/00000046.DCM,64
20200227_DATA/ZA-F3-24_000/00000047.DCM,64
20200227_DATA/ZA-F3-24_000/00000048.DCM,64
20200227_DATA/ZA-F3-24_000/00000049.DCM,64
20200227_DATA/ZA-F3-24_000/00000050.DCM,64
20200227_DATA/ZA-F3-24_000/00000051.DCM,64
20200227_DATA/ZA-F3-24_000/00000052.DCM,64
20200227_DATA/ZA-F3-24_000/00000053.DCM,64
20200227_DATA/ZA-F3-24_000/00000054.DCM,64
20200227_DATA/ZA-F3-24_000/00000055.DCM,64
20200227_DATA/ZA-F3-24_000/00000056.DCM,64
20200227_DATA/ZA-F3-24_000/00000057.DCM,64
20200227_DATA/ZA-F3-24_000/00000058.DCM,64
20200227_DATA/ZA-F3-24_000/00000059.DCM,64
20200227_DATA/ZA-F3-24_000/00000060.DCM,64
20200227_DATA/ZA-F3-24_000/00000061.DCM,64
20200227_DATA/ZA-F3-24_000/00000062.DCM,64
20200227_DATA/ZA-F3-24_000/00000063.DCM,64
20200227_DATA/ZA-F3-24_000/00000064.DCM,64
20200227_DATA/ZA-H10-24_000/00000001.DCM,50
20200227_DATA/ZA-H10-24_000/00000002.DCM,50
20200227_DATA/ZA-H10-24_000/00000003.DCM,50
20200227_DATA/ZA-H10-24_000/00000004.DCM,50
20200227_DATA/ZA-H10-24_000/00000005.DCM,50
20200227_DATA/ZA-H10-24_000/00000006.DCM,50
20200227_DATA/ZA-H10-24_000/00000007.DCM,50
20200227_DATA/ZA-H10-24_000/00000008.DCM,50
20200227_DATA/ZA-H10-24_000/00000009.DCM,50
20200227_DATA/ZA-H10-24_000/00000010.DCM,50
20200227_DATA/ZA-H10-24_000/00000011.DCM,50
20200227_DATA/ZA-H10-24_000/00000012.DCM,50
20200227_DATA/ZA-H10-24_000/00000013.DCM,50
20200227_DATA/ZA-H10-24_000/00000014.DCM,50
20200227_DATA/ZA-H10-24_000/00000015.DCM,50
20200227_DATA/ZA-H10-24_000/00000016.DCM,50
20200227_DATA/ZA-H10-24_000/00000017.DCM,50
20200227_DATA/ZA-H10-24_000/00000018.DCM,50
20200227_DATA/ZA-H10-24_000/00000019.DCM,50
20200227_DATA/ZA-H10-24_000/00000020.DCM,50
20200227_DATA/ZA-H10-24_000/00000021.DCM,50
20200227_DATA/ZA-H10-24_000/00000022.DCM,50
20200227_DATA/ZA-H10-24_000/00000023.DCM,50
20200227_DATA/ZA-H10-24_000/00000024.DCM,50
20200227_DATA/ZA-H10-24_000/00000025.DCM,50
20200227_DATA/ZA-H10-24_000/00000026.DCM,50
20200227_DATA/ZA-H10-24_000/00000027.DCM,50
20200227_DATA/ZA-H10-24_000/00000028.DCM,50
20200227_DATA/ZA-H10-24_000/00000029.DCM,50
20200227_DATA/ZA-H10-24_000/00000030.DCM,50
20200227_DATA/ZA-H10-24_000/00000031.DCM,50
20200227_DATA/ZA-H10-24_000/00000032.DCM,50
20200227_DATA/ZA-H10-24_000/00000033.DCM,50
20200227_DATA/ZA-H10-24_000/00000034.DCM,50
20200227_DATA/ZA-H10-24_000/00000035.DCM,50
20200227_DATA/ZA-H10-24_000/00000036.DCM,50
20200227_DATA/ZA-H10-24_000/00000037.DCM,50
20200227_DATA/ZA-H10-24_000/00000038.DCM,50
20200227_DATA/ZA-H10-24_000/00000039.DCM,50
20200227_DATA/ZA-H10-24_000/00000040.DCM,50
20200227_DATA/ZA-H10-24_000/00000041.DCM,50
20200227_DATA/ZA-H10-24_000/00000042.DCM,50
20200227_DATA/ZA-H10-24_000/00000043.DCM,50
20200227_DATA/ZA-H10-24_000/00000044.DCM,50
20200227_DATA/ZA-H10-24_000/00000045.DCM,50
20200227_DATA/ZA-H10-24_000/00000046.DCM,50
20200227_DATA/ZA-H10-24_000/00000047.DCM,50
20200227_DATA/ZA-H10-24_000/00000048.DCM,50
20200227_DATA/ZA-H10-24_000/00000049.DCM,50
20200227_DATA/ZA-H10-24_000/00000050.DCM,50
20200227_DATA/ZA-F6-29_000/00000001.DCM,48
20200227_DATA/ZA-F6-29_000/00000002.DCM,48
20200227_DATA/ZA-F6-29_000/00000003.DCM,48
20200227_DATA/ZA-F6-29_000/00000004.DCM,48
20200227_DATA/ZA-F6-29_000/00000005.DCM,48
20200227_DATA/ZA-F6-29_000/00000006.DCM,48
20200227_DATA/ZA-F6-29_000/00000007.DCM,48
20200227_DATA/ZA-F6-29_000/00000008.DCM,48
20200227_DATA/ZA-F6-29_000/00000009.DCM,48
20200227_DATA/ZA-F6-29_000/00000010.DCM,48
20200227_DATA/ZA-F6-29_000/00000011.DCM,48
20200227_DATA/ZA-F6-29_000/00000012.DCM,48
20200227_DATA/ZA-F6-29_000/00000013.DCM,48
20200227_DATA/ZA-F6-29_000/00000014.DCM,48
20200227_DATA/ZA-F6-29_000/00000015.DCM,48
20200227_DATA/ZA-F6-29_000/00000016.DCM,48
20200227_DATA/ZA-F6-29_000/00000017.DCM,48
20200227_DATA/ZA-F6-29_000/00000018.DCM,48
20200227_DATA/ZA-F6-29_000/00000019.DCM,48
20200227_DATA/ZA-F6-29_000/00000020.DCM,48
20200227_DATA/ZA-F6-29_000/00000021.DCM,48
20200227_DATA/ZA-F6-29_000/00000022.DCM,48
20200227_DATA/ZA-F6-29_000/00000023.DCM,48
20200227_DATA/ZA-F6-29_000/00000024.DCM,48
20200227_DATA/ZA-F6-29_000/00000025.DCM,48
20200227_DATA/ZA-F6-29_000/00000026.DCM,48
20200227_DATA/ZA-F6-29_000/00000027.DCM,48
20200227_DATA/ZA-F6-29_000/00000028.DCM,48
20200227_DATA/ZA-F6-29_000/00000029.DCM,48
20200227_DATA/ZA-F6-29_000/00000030.DCM,48
20200227_DATA/ZA-F6-29_000/00000031.DCM,48
20200227_DATA/ZA-F6-29_000/00000032.DCM,48
20200227_DATA/ZA-F6-29_000/00000033.DCM,48
20200227_DATA/ZA-F6-29_000/00000034.DCM,48
20200227_DATA/ZA-F6-29_000/00000035.DCM,48
20200227_DATA/ZA-F6-29_000/00000036.DCM,48
20200227_DATA/ZA-F6-29_000/00000037.DCM,48
20200227_DATA/ZA-F6-29_000/00000038.DCM,48
20200227_DATA/ZA-F6-29_000/00000039.DCM,48
20200227_DATA/ZA-F6-29_000/00000040.DCM,48
20200227_DATA/ZA-F6-29_000/00000041.DCM,48
20200227_DATA/ZA-F6-29_000/00000042.DCM,48
20200227_DATA/ZA-F6-29_000/00000043.DCM,48
20200227_DATA/ZA-F6-29_000/00000044.DCM,48
20200227_DATA/ZA-F6-29_000/00000045.DCM,48
20200227_DATA/ZA-F6-29_000/00000046.DCM,48
20200227_DATA/ZA-F6-29_000/00000047.DCM,48
20200227_DATA/ZA-F6-29_000/00000048.DCM,48
20200227_DATA/ZA-F4-5_000/00000001.DCM,46
20200227_DATA/ZA-F4-5_000/00000002.DCM,46
20200227_DATA/ZA-F4-5_000/00000003.DCM,46
20200227_DATA/ZA-F4-5_000/00000004.DCM,46
20200227_DATA/ZA-F4-5_000/00000005.DCM,46
20200227_DATA/ZA-F4-5_000/00000006.DCM,46
20200227_DATA/ZA-F4-5_000/00000007.DCM,46
20200227_DATA/ZA-F4-5_000/00000008.DCM,46
20200227_DATA/ZA-F4-5_000/00000009.DCM,46
20200227_DATA/ZA-F4-5_000/00000010.DCM,46
20200227_DATA/ZA-F4-5_000/00000011.DCM,46
20200227_DATA/ZA-F4-5_000/00000012.DCM,46
20200227_DATA/ZA-F4-5_000/00000013.DCM,46
20200227_DATA/ZA-F4-5_000/00000014.DCM,46
20200227_DATA/ZA-F4-5_000/00000015.DCM,46
20200227_DATA/ZA-F4-5_000/00000016.DCM,46
20200227_DATA/ZA-F4-5_000/00000017.DCM,46
20200227_DATA/ZA-F4-5_000/00000018.DCM,46
20200227_DATA/ZA-F4-5_000/00000019.DCM,46
20200227_DATA/ZA-F4-5_000/00000020.DCM,46
20200227_DATA/ZA-F4-5_000/00000021.DCM,46
20200227_DATA/ZA-F4-5_000/00000022.DCM,46
20200227_DATA/ZA-F4-5_000/00000023.DCM,46
20200227_DATA/ZA-F4-5_000/00000024.DCM,46
20200227_DATA/ZA-F4-5_000/00000025.DCM,46
20200227_DATA/ZA-F4-5_000/00000026.DCM,46
20200227_DATA/ZA-F4-5_000/00000027.DCM,46
20200227_DATA/ZA-F4-5_000/00000028.DCM,46
20200227_DATA/ZA-F4-5_000/00000029.DCM,46
20200227_DATA/ZA-F4-5_000/00000030.DCM,46
20200227_DATA/ZA-F4-5_000/00000031.DCM,46
20200227_DATA/ZA-F4-5_000/00000032.DCM,46
20200227_DATA/ZA-F4-5_000/00000033.DCM,46
20200227_DATA/ZA-F4-5_000/00000034.DCM,46
20200227_DATA/ZA-F4-5_000/00000035.DCM,46
20200227_DATA/ZA-F4-5_000/00000036.DCM,46
20200227_DATA/ZA-F4-5_000/00000037.DCM,46
20200227_DATA/ZA-F4-5_000/00000038.DCM,46
20200227_DATA/ZA-F4-5_000/00000039.DCM,46
20200227_DATA/ZA-F4-5_000/00000040.DCM,46
20200227_DATA/ZA-F4-5_000/00000041.DCM,46
20200227_DATA/ZA-F4-5_000/00000042.DCM,46
20200227_DATA/ZA-F4-5_000/00000043.DCM,46
20200227_DATA/ZA-F4-5_000/00000044.DCM,46
20200227_DATA/ZA-F4-5_000/00000045.DCM,46
20200227_DATA/ZA-F4-5_000/00000046.DCM,46
20200227_DATA/ZA-F3-25_000/00000001.DCM,63
20200227_DATA/ZA-F3-25_000/00000002.DCM,63
20200227_DATA/ZA-F3-25_000/00000003.DCM,63
20200227_DATA/ZA-F3-25_000/00000004.DCM,63
20200227_DATA/ZA-F3-25_000/00000005.DCM,63
20200227_DATA/ZA-F3-25_000/00000006.DCM,63
20200227_DATA/ZA-F3-25_000/00000007.DCM,63
20200227_DATA/ZA-F3-25_000/00000008.DCM,63
20200227_DATA/ZA-F3-25_000/00000009.DCM,63
20200227_DATA/ZA-F3-25_000/00000010.DCM,63
20200227_DATA/ZA-F3-25_000/00000011.DCM,63
20200227_DATA/ZA-F3-25_000/00000012.DCM,63
20200227_DATA/ZA-F3-25_000/00000013.DCM,63
20200227_DATA/ZA-F3-25_000/00000014.DCM,63
20200227_DATA/ZA-F3-25_000/00000015.DCM,63
20200227_DATA/ZA-F3-25_000/00000016.DCM,63
20200227_DATA/ZA-F3-25_000/00000017.DCM,63
20200227_DATA/ZA-F3-25_000/00000018.DCM,63
20200227_DATA/ZA-F3-25_000/00000019.DCM,63
20200227_DATA/ZA-F3-25_000/00000020.DCM,63
20200227_DATA/ZA-F3-25_000/00000021.DCM,63
20200227_DATA/ZA-F3-25_000/00000022.DCM,63
20200227_DATA/ZA-F3-25_000/00000023.DCM,63
20200227_DATA/ZA-F3-25_000/00000024.DCM,63
20200227_DATA/ZA-F3-25_000/00000025.DCM,63
20200227_DATA/ZA-F3-25_000/00000026.DCM,63
20200227_DATA/ZA-F3-25_000/00000027.DCM,63
20200227_DATA/ZA-F3-25_000/00000028.DCM,63
20200227_DATA/ZA-F3-25_000/00000029.DCM,63
20200227_DATA/ZA-F3-25_000/00000030.DCM,63
20200227_DATA/ZA-F3-25_000/00000031.DCM,63
20200227_DATA/ZA-F3-25_000/00000032.DCM,63
20200227_DATA/ZA-F3-25_000/00000033.DCM,63
20200227_DATA/ZA-F3-25_000/00000034.DCM,63
20200227_DATA/ZA-F3-25_000/00000035.DCM,63
20200227_DATA/ZA-F3-25_000/00000036.DCM,63
20200227_DATA/ZA-F3-25_000/00000037.DCM,63
20200227_DATA/ZA-F3-25_000/00000038.DCM,63
20200227_DATA/ZA-F3-25_000/00000039.DCM,63
20200227_DATA/ZA-F3-25_000/00000040.DCM,63
20200227_DATA/ZA-F3-25_000/00000041.DCM,63
20200227_DATA/ZA-F3-25_000/00000042.DCM,63
20200227_DATA/ZA-F3-25_000/00000043.DCM,63
20200227_DATA/ZA-F3-25_000/00000044.DCM,63
20200227_DATA/ZA-F3-25_000/00000045.DCM,63
20200227_DATA/ZA-F3-25_000/00000046.DCM,63
20200227_DATA/ZA-F3-25_000/00000047.DCM,63
20200227_DATA/ZA-F3-25_000/00000048.DCM,63
20200227_DATA/ZA-F3-25_000/00000049.DCM,63
20200227_DATA/ZA-F3-25_000/00000050.DCM,63
20200227_DATA/ZA-F3-25_000/00000051.DCM,63
20200227_DATA/ZA-F3-25_000/00000052.DCM,63
20200227_DATA/ZA-F3-25_000/00000053.DCM,63
20200227_DATA/ZA-F3-25_000/00000054.DCM,63
20200227_DATA/ZA-F3-25_000/00000055.DCM,63
20200227_DATA/ZA-F3-25_000/00000056.DCM,63
20200227_DATA/ZA-F3-25_000/00000057.DCM,63
20200227_DATA/ZA-F3-25_000/00000058.DCM,63
20200227_DATA/ZA-F3-25_000/00000059.DCM,63
20200227_DATA/ZA-F3-25_000/00000060.DCM,63
20200227_DATA/ZA-F3-25_000/00000061.DCM,63
20200227_DATA/ZA-F3-25_000/00000062.DCM,63
20200227_DATA/ZA-F3-25_000/00000063.DCM,63
20200227_DATA/ZA-H10-27_000/00000001.DCM,50
20200227_DATA/ZA-H10-27_000/00000002.DCM,50
20200227_DATA/ZA-H10-27_000/00000003.DCM,50
20200227_DATA/ZA-H10-27_000/00000004.DCM,50
20200227_DATA/ZA-H10-27_000/00000005.DCM,50
20200227_DATA/ZA-H10-27_000/00000006.DCM,50
20200227_DATA/ZA-H10-27_000/00000007.DCM,50
20200227_DATA/ZA-H10-27_000/00000008.DCM,50
20200227_DATA/ZA-H10-27_000/00000009.DCM,50
20200227_DATA/ZA-H10-27_000/00000010.DCM,50
20200227_DATA/ZA-H10-27_000/00000011.DCM,50
20200227_DATA/ZA-H10-27_000/00000012.DCM,50
20200227_DATA/ZA-H10-27_000/00000013.DCM,50
20200227_DATA/ZA-H10-27_000/00000014.DCM,50
20200227_DATA/ZA-H10-27_000/00000015.DCM,50
20200227_DATA/ZA-H10-27_000/00000016.DCM,50
20200227_DATA/ZA-H10-27_000/00000017.DCM,50
20200227_DATA/ZA-H10-27_000/00000018.DCM,50
20200227_DATA/ZA-H10-27_000/00000019.DCM,50
20200227_DATA/ZA-H10-27_000/00000020.DCM,50
20200227_DATA/ZA-H10-27_000/00000021.DCM,50
20200227_DATA/ZA-H10-27_000/00000022.DCM,50
20200227_DATA/ZA-H10-27_000/00000023.DCM,50
20200227_DATA/ZA-H10-27_000/00000024.DCM,50
20200227_DATA/ZA-H10-27_000/00000025.DCM,50
20200227_DATA/ZA-H10-27_000/00000026.DCM,50
20200227_DATA/ZA-H10-27_000/00000027.DCM,50
20200227_DATA/ZA-H10-27_000/00000028.DCM,50
20200227_DATA/ZA-H10-27_000/00000029.DCM,50
20200227_DATA/ZA-H10-27_000/00000030.DCM,50
20200227_DATA/ZA-H10-27_000/00000031.DCM,50
20200227_DATA/ZA-H10-27_000/00000032.DCM,50
20200227_DATA/ZA-H10-27_000/00000033.DCM,50
20200227_DATA/ZA-H10-27_000/00000034.DCM,50
20200227_DATA/ZA-H10-27_000/00000035.DCM,50
20200227_DATA/ZA-H10-27_000/00000036.DCM,50
20200227_DATA/ZA-H10-27_000/00000037.DCM,50
20200227_DATA/ZA-H10-27_000/00000038.DCM,50
20200227_DATA/ZA-H10-27_000/00000039.DCM,50
20200227_DATA/ZA-H10-27_000/00000040.DCM,50
20200227_DATA/ZA-H10-27_000/00000041.DCM,50
20200227_DATA/ZA-H10-27_000/00000042.DCM,50
20200227_DATA/ZA-H10-27_000/00000043.DCM,50
20200227_DATA/ZA-H10-27_000/00000044.DCM,50
20200227_DATA/ZA-H10-27_000/00000045.DCM,50
20200227_DATA/ZA-H10-27_000/00000046.DCM,50
20200227_DATA/ZA-H10-27_000/00000047.DCM,50
20200227_DATA/ZA-H10-27_000/00000048.DCM,50
20200227_DATA/ZA-H10-27_000/00000049.DCM,50
20200227_DATA/ZA-H10-27_000/00000050.DCM,50
20200227_DATA/ZA-F1-6_000/00000001.DCM,49
20200227_DATA/ZA-F1-6_000/00000002.DCM,49
20200227_DATA/ZA-F1-6_000/00000003.DCM,49
20200227_DATA/ZA-F1-6_000/00000004.DCM,49
20200227_DATA/ZA-F1-6_000/00000005.DCM,49
20200227_DATA/ZA-F1-6_000/00000006.DCM,49
20200227_DATA/ZA-F1-6_000/00000007.DCM,49
20200227_DATA/ZA-F1-6_000/00000008.DCM,49
20200227_DATA/ZA-F1-6_000/00000009.DCM,49
20200227_DATA/ZA-F1-6_000/00000010.DCM,49
20200227_DATA/ZA-F1-6_000/00000011.DCM,49
20200227_DATA/ZA-F1-6_000/00000012.DCM,49
20200227_DATA/ZA-F1-6_000/00000013.DCM,49
20200227_DATA/ZA-F1-6_000/00000014.DCM,49
20200227_DATA/ZA-F1-6_000/00000015.DCM,49
20200227_DATA/ZA-F1-6_000/00000016.DCM,49
20200227_DATA/ZA-F1-6_000/00000017.DCM,49
20200227_DATA/ZA-F1-6_000/00000018.DCM,49
20200227_DATA/ZA-F1-6_000/00000019.DCM,49
20200227_DATA/ZA-F1-6_000/00000020.DCM,49
20200227_DATA/ZA-F1-6_000/00000021.DCM,49
20200227_DATA/ZA-F1-6_000/00000022.DCM,49
20200227_DATA/ZA-F1-6_000/00000023.DCM,49
20200227_DATA/ZA-F1-6_000/00000024.DCM,49
20200227_DATA/ZA-F1-6_000/00000025.DCM,49
20200227_DATA/ZA-F1-6_000/00000026.DCM,49
20200227_DATA/ZA-F1-6_000/00000027.DCM,49
20200227_DATA/ZA-F1-6_000/00000028.DCM,49
20200227_DATA/ZA-F1-6_000/00000029.DCM,49
20200227_DATA/ZA-F1-6_000/00000030.DCM,49
20200227_DATA/ZA-F1-6_000/00000031.DCM,49
20200227_DATA/ZA-F1-6_000/00000032.DCM,49
20200227_DATA/ZA-F1-6_000/00000033.DCM,49
20200227_DATA/ZA-F1-6_000/00000034.DCM,49
20200227_DATA/ZA-F1-6_000/00000035.DCM,49
20200227_DATA/ZA-F1-6_000/00000036.DCM,49
20200227_DATA/ZA-F1-6_000/00000037.DCM,49
20200227_DATA/ZA-F1-6_000/00000038.DCM,49
20200227_DATA/ZA-F1-6_000/00000039.DCM,49
20200227_DATA/ZA-F1-6_000/00000040.DCM,49
20200227_DATA/ZA-F1-6_000/00000041.DCM,49
20200227_DATA/ZA-F1-6_000/00000042.DCM,49
20200227_DATA/ZA-F1-6_000/00000043.DCM,49
20200227_DATA/ZA-F1-6_000/00000044.DCM,49
20200227_DATA/ZA-F1-6_000/00000045.DCM,49
20200227_DATA/ZA-F1-6_000/00000046.DCM,49
20200227_DATA/ZA-F1-6_000/00000047.DCM,49
20200227_DATA/ZA-F1-6_000/00000048.DCM,49
20200227_DATA/ZA-F1-6_000/00000049.DCM,49
20200227_DATA/ZA-H10-26_000/00000001.DCM,53
20200227_DATA/ZA-H10-26_000/00000002.DCM,53
20200227_DATA/ZA-H10-26_000/00000003.DCM,53
20200227_DATA/ZA-H10-26_000/00000004.DCM,53
20200227_DATA/ZA-H10-26_000/00000005.DCM,53
20200227_DATA/ZA-H10-26_000/00000006.DCM,53
20200227_DATA/ZA-H10-26_000/00000007.DCM,53
20200227_DATA/ZA-H10-26_000/00000008.DCM,53
20200227_DATA/ZA-H10-26_000/00000009.DCM,53
20200227_DATA/ZA-H10-26_000/00000010.DCM,53
20200227_DATA/ZA-H10-26_000/00000011.DCM,53
20200227_DATA/ZA-H10-26_000/00000012.DCM,53
20200227_DATA/ZA-H10-26_000/00000013.DCM,53
20200227_DATA/ZA-H10-26_000/00000014.DCM,53
20200227_DATA/ZA-H10-26_000/00000015.DCM,53
20200227_DATA/ZA-H10-26_000/00000016.DCM,53
20200227_DATA/ZA-H10-26_000/00000017.DCM,53
20200227_DATA/ZA-H10-26_000/00000018.DCM,53
20200227_DATA/ZA-H10-26_000/00000019.DCM,53
20200227_DATA/ZA-H10-26_000/00000020.DCM,53
20200227_DATA/ZA-H10-26_000/00000021.DCM,53
20200227_DATA/ZA-H10-26_000/00000022.DCM,53
20200227_DATA/ZA-H10-26_000/00000023.DCM,53
20200227_DATA/ZA-H10-26_000/00000024.DCM,53
20200227_DATA/ZA-H10-26_000/00000025.DCM,53
20200227_DATA/ZA-H10-26_000/00000026.DCM,53
20200227_DATA/ZA-H10-26_000/00000027.DCM,53
20200227_DATA/ZA-H10-26_000/00000028.DCM,53
20200227_DATA/ZA-H10-26_000/00000029.DCM,53
20200227_DATA/ZA-H10-26_000/00000030.DCM,53
20200227_DATA/ZA-H10-26_000/00000031.DCM,53
20200227_DATA/ZA-H10-26_000/00000032.DCM,53
20200227_DATA/ZA-H10-26_000/00000033.DCM,53
20200227_DATA/ZA-H10-26_000/00000034.DCM,53
20200227_DATA/ZA-H10-26_000/00000035.DCM,53
20200227_DATA/ZA-H10-26_000/00000036.DCM,53
20200227_DATA/ZA-H10-26_000/00000037.DCM,53
20200227_DATA/ZA-H10-26_000/00000038.DCM,53
20200227_DATA/ZA-H10-26_000/00000039.DCM,53
20200227_DATA/ZA-H10-26_000/00000040.DCM,53
20200227_DATA/ZA-H10-26_000/00000041.DCM,53
20200227_DATA/ZA-H10-26_000/00000042.DCM,53
20200227_DATA/ZA-H10-26_000/00000043.DCM,53
20200227_DATA/ZA-H10-26_000/00000044.DCM,53
20200227_DATA/ZA-H10-26_000/00000045.DCM,53
20200227_DATA/ZA-H10-26_000/00000046.DCM,53
20200227_DATA/ZA-H10-26_000/00000047.DCM,53
20200227_DATA/ZA-H10-26_000/00000048.DCM,53
20200227_DATA/ZA-H10-26_000/00000049.DCM,53
20200227_DATA/ZA-H10-26_000/00000050.DCM,53
20200227_DATA/ZA-H10-26_000/00000051.DCM,53
20200227_DATA/ZA-H10-26_000/00000052.DCM,53
20200227_DATA/ZA-H10-26_000/00000053.DCM,53
20200227_DATA/ZA-F6-24_000/00000001.DCM,54
20200227_DATA/ZA-F6-24_000/00000002.DCM,54
20200227_DATA/ZA-F6-24_000/00000003.DCM,54
20200227_DATA/ZA-F6-24_000/00000004.DCM,54
20200227_DATA/ZA-F6-24_000/00000005.DCM,54
20200227_DATA/ZA-F6-24_000/00000006.DCM,54
20200227_DATA/ZA-F6-24_000/00000007.DCM,54
20200227_DATA/ZA-F6-24_000/00000008.DCM,54
20200227_DATA/ZA-F6-24_000/00000009.DCM,54
20200227_DATA/ZA-F6-24_000/00000010.DCM,54
20200227_DATA/ZA-F6-24_000/00000011.DCM,54
20200227_DATA/ZA-F6-24_000/00000012.DCM,54
20200227_DATA/ZA-F6-24_000/00000013.DCM,54
20200227_DATA/ZA-F6-24_000/00000014.DCM,54
20200227_DATA/ZA-F6-24_000/00000015.DCM,54
20200227_DATA/ZA-F6-24_000/00000016.DCM,54
20200227_DATA/ZA-F6-24_000/00000017.DCM,54
20200227_DATA/ZA-F6-24_000/00000018.DCM,54
20200227_DATA/ZA-F6-24_000/00000019.DCM,54
20200227_DATA/ZA-F6-24_000/00000020.DCM,54
20200227_DATA/ZA-F6-24_000/00000021.DCM,54
20200227_DATA/ZA-F6-24_000/00000022.DCM,54
20200227_DATA/ZA-F6-24_000/00000023.DCM,54
20200227_DATA/ZA-F6-24_000/00000024.DCM,54
20200227_DATA/ZA-F6-24_000/00000025.DCM,54
20200227_DATA/ZA-F6-24_000/00000026.DCM,54
20200227_DATA/ZA-F6-24_000/00000027.DCM,54
20200227_DATA/ZA-F6-24_000/00000028.DCM,54
20200227_DATA/ZA-F6-24_000/00000029.DCM,54
20200227_DATA/ZA-F6-24_000/00000030.DCM,54
20200227_DATA/ZA-F6-24_000/00000031.DCM,54
20200227_DATA/ZA-F6-24_000/00000032.DCM,54
20200227_DATA/ZA-F6-24_000/00000033.DCM,54
20200227_DATA/ZA-F6-24_000/00000034.DCM,54
20200227_DATA/ZA-F6-24_000/00000035.DCM,54
20200227_DATA/ZA-F6-24_000/00000036.DCM,54
20200227_DATA/ZA-F6-24_000/00000037.DCM,54
20200227_DATA/ZA-F6-24_000/00000038.DCM,54
20200227_DATA/ZA-F6-24_000/00000039.DCM,54
20200227_DATA/ZA-F6-24_000/00000040.DCM,54
20200227_DATA/ZA-F6-24_000/00000041.DCM,54
20200227_DATA/ZA-F6-24_000/00000042.DCM,54
20200227_DATA/ZA-F6-24_000/00000043.DCM,54
20200227_DATA/ZA-F6-24_000/00000044.DCM,54
20200227_DATA/ZA-F6-24_000/00000045.DCM,54
20200227_DATA/ZA-F6-24_000/00000046.DCM,54
20200227_DATA/ZA-F6-24_000/00000047.DCM,54
20200227_DATA/ZA-F6-24_000/00000048.DCM,54
20200227_DATA/ZA-F6-24_000/00000049.DCM,54
20200227_DATA/ZA-F6-24_000/00000050.DCM,54
20200227_DATA/ZA-F6-24_000/00000051.DCM,54
20200227_DATA/ZA-F6-24_000/00000052.DCM,54
20200227_DATA/ZA-F6-24_000/00000053.DCM,54
20200227_DATA/ZA-F6-24_000/00000054.DCM,54
20200227_DATA/ZA-F8-12_000/00000001.DCM,53
20200227_DATA/ZA-F8-12_000/00000002.DCM,53
20200227_DATA/ZA-F8-12_000/00000003.DCM,53
20200227_DATA/ZA-F8-12_000/00000004.DCM,53
20200227_DATA/ZA-F8-12_000/00000005.DCM,53
20200227_DATA/ZA-F8-12_000/00000006.DCM,53
20200227_DATA/ZA-F8-12_000/00000007.DCM,53
20200227_DATA/ZA-F8-12_000/00000008.DCM,53
20200227_DATA/ZA-F8-12_000/00000009.DCM,53
20200227_DATA/ZA-F8-12_000/00000010.DCM,53
20200227_DATA/ZA-F8-12_000/00000011.DCM,53
20200227_DATA/ZA-F8-12_000/00000012.DCM,53
20200227_DATA/ZA-F8-12_000/00000013.DCM,53
20200227_DATA/ZA-F8-12_000/00000014.DCM,53
20200227_DATA/ZA-F8-12_000/00000015.DCM,53
20200227_DATA/ZA-F8-12_000/00000016.DCM,53
20200227_DATA/ZA-F8-12_000/00000017.DCM,53
20200227_DATA/ZA-F8-12_000/00000018.DCM,53
20200227_DATA/ZA-F8-12_000/00000019.DCM,53
20200227_DATA/ZA-F8-12_000/00000020.DCM,53
20200227_DATA/ZA-F8-12_000/00000021.DCM,53
20200227_DATA/ZA-F8-12_000/00000022.DCM,53
20200227_DATA/ZA-F8-12_000/00000023.DCM,53
20200227_DATA/ZA-F8-12_000/00000024.DCM,53
20200227_DATA/ZA-F8-12_000/00000025.DCM,53
20200227_DATA/ZA-F8-12_000/00000026.DCM,53
20200227_DATA/ZA-F8-12_000/00000027.DCM,53
20200227_DATA/ZA-F8-12_000/00000028.DCM,53
20200227_DATA/ZA-F8-12_000/00000029.DCM,53
20200227_DATA/ZA-F8-12_000/00000030.DCM,53
20200227_DATA/ZA-F8-12_000/00000031.DCM,53
20200227_DATA/ZA-F8-12_000/00000032.DCM,53
20200227_DATA/ZA-F8-12_000/00000033.DCM,53
20200227_DATA/ZA-F8-12_000/00000034.DCM,53
20200227_DATA/ZA-F8-12_000/00000035.DCM,53
20200227_DATA/ZA-F8-12_000/00000036.DCM,53
20200227_DATA/ZA-F8-12_000/00000037.DCM,53
20200227_DATA/ZA-F8-12_000/00000038.DCM,53
20200227_DATA/ZA-F8-12_000/00000039.DCM,53
20200227_DATA/ZA-F8-12_000/00000040.DCM,53
20200227_DATA/ZA-F8-12_000/00000041.DCM,53
20200227_DATA/ZA-F8-12_000/00000042.DCM,53
20200227_DATA/ZA-F8-12_000/00000043.DCM,53
20200227_DATA/ZA-F8-12_000/00000044.DCM,53
20200227_DATA/ZA-F8-12_000/00000045.DCM,53
20200227_DATA/ZA-F8-12_000/00000046.DCM,53
20200227_DATA/ZA-F8-12_000/00000047.DCM,53
20200227_DATA/ZA-F8-12_000/00000048.DCM,53
20200227_DATA/ZA-F8-12_000/00000049.DCM,53
20200227_DATA/ZA-F8-12_000/00000050.DCM,53
20200227_DATA/ZA-F8-12_000/00000051.DCM,53
20200227_DATA/ZA-F8-12_000/00000052.DCM,53
20200227_DATA/ZA-F8-12_000/00000053.DCM,53
20200227_DATA/ZA-H10-2_000/00000001.DCM,38
20200227_DATA/ZA-H10-2_000/00000002.DCM,38
20200227_DATA/ZA-H10-2_000/00000003.DCM,38
20200227_DATA/ZA-H10-2_000/00000004.DCM,38
20200227_DATA/ZA-H10-2_000/00000005.DCM,38
20200227_DATA/ZA-H10-2_000/00000006.DCM,38
20200227_DATA/ZA-H10-2_000/00000007.DCM,38
20200227_DATA/ZA-H10-2_000/00000008.DCM,38
20200227_DATA/ZA-H10-2_000/00000009.DCM,38
20200227_DATA/ZA-H10-2_000/00000010.DCM,38
20200227_DATA/ZA-H10-2_000/00000011.DCM,38
20200227_DATA/ZA-H10-2_000/00000012.DCM,38
20200227_DATA/ZA-H10-2_000/00000013.DCM,38
20200227_DATA/ZA-H10-2_000/00000014.DCM,38
20200227_DATA/ZA-H10-2_000/00000015.DCM,38
20200227_DATA/ZA-H10-2_000/00000016.DCM,38
20200227_DATA/ZA-H10-2_000/00000017.DCM,38
20200227_DATA/ZA-H10-2_000/00000018.DCM,38
20200227_DATA/ZA-H10-2_000/00000019.DCM,38
20200227_DATA/ZA-H10-2_000/00000020.DCM,38
20200227_DATA/ZA-H10-2_000/00000021.DCM,38
20200227_DATA/ZA-H10-2_000/00000022.DCM,38
20200227_DATA/ZA-H10-2_000/00000023.DCM,38
20200227_DATA/ZA-H10-2_000/00000024.DCM,38
20200227_DATA/ZA-H10-2_000/00000025.DCM,38
20200227_DATA/ZA-H10-2_000/00000026.DCM,38
20200227_DATA/ZA-H10-2_000/00000027.DCM,38
20200227_DATA/ZA-H10-2_000/00000028.DCM,38
20200227_DATA/ZA-H10-2_000/00000029.DCM,38
20200227_DATA/ZA-H10-2_000/00000030.DCM,38
20200227_DATA/ZA-H10-2_000/00000031.DCM,38
20200227_DATA/ZA-H10-2_000/00000032.DCM,38
20200227_DATA/ZA-H10-2_000/00000033.DCM,38
20200227_DATA/ZA-H10-2_000/00000034.DCM,38
20200227_DATA/ZA-H10-2_000/00000035.DCM,38
20200227_DATA/ZA-H10-2_000/00000036.DCM,38
20200227_DATA/ZA-H10-2_000/00000037.DCM,38
20200227_DATA/ZA-H10-2_000/00000038.DCM,38
20200227_DATA/ZA-H10-3_000/00000001.DCM,47
20200227_DATA/ZA-H10-3_000/00000002.DCM,47
20200227_DATA/ZA-H10-3_000/00000003.DCM,47
20200227_DATA/ZA-H10-3_000/00000004.DCM,47
20200227_DATA/ZA-H10-3_000/00000005.DCM,47
20200227_DATA/ZA-H10-3_000/00000006.DCM,47
20200227_DATA/ZA-H10-3_000/00000007.DCM,47
20200227_DATA/ZA-H10-3_000/00000008.DCM,47
20200227_DATA/ZA-H10-3_000/00000009.DCM,47
20200227_DATA/ZA-H10-3_000/00000010.DCM,47
20200227_DATA/ZA-H10-3_000/00000011.DCM,47
20200227_DATA/ZA-H10-3_000/00000012.DCM,47
20200227_DATA/ZA-H10-3_000/00000013.DCM,47
20200227_DATA/ZA-H10-3_000/00000014.DCM,47
20200227_DATA/ZA-H10-3_000/00000015.DCM,47
20200227_DATA/ZA-H10-3_000/00000016.DCM,47
20200227_DATA/ZA-H10-3_000/00000017.DCM,47
20200227_DATA/ZA-H10-3_000/00000018.DCM,47
20200227_DATA/ZA-H10-3_000/00000019.DCM,47
20200227_DATA/ZA-H10-3_000/00000020.DCM,47
20200227_DATA/ZA-H10-3_000/00000021.DCM,47
20200227_DATA/ZA-H10-3_000/00000022.DCM,47
20200227_DATA/ZA-H10-3_000/00000023.DCM,47
20200227_DATA/ZA-H10-3_000/00000024.DCM,47
20200227_DATA/ZA-H10-3_000/00000025.DCM,47
20200227_DATA/ZA-H10-3_000/00000026.DCM,47
20200227_DATA/ZA-H10-3_000/00000027.DCM,47
20200227_DATA/ZA-H10-3_000/00000028.DCM,47
20200227_DATA/ZA-H10-3_000/00000029.DCM,47
20200227_DATA/ZA-H10-3_000/00000030.DCM,47
20200227_DATA/ZA-H10-3_000/00000031.DCM,47
20200227_DATA/ZA-H10-3_000/00000032.DCM,47
20200227_DATA/ZA-H10-3_000/00000033.DCM,47
20200227_DATA/ZA-H10-3_000/00000034.DCM,47
20200227_DATA/ZA-H10-3_000/00000035.DCM,47
20200227_DATA/ZA-H10-3_000/00000036.DCM,47
20200227_DATA/ZA-H10-3_000/00000037.DCM,47
20200227_DATA/ZA-H10-3_000/00000038.DCM,47
20200227_DATA/ZA-H10-3_000/00000039.DCM,47
20200227_DATA/ZA-H10-3_000/00000040.DCM,47
20200227_DATA/ZA-H10-3_000/00000041.DCM,47
20200227_DATA/ZA-H10-3_000/00000042.DCM,47
20200227_DATA/ZA-H10-3_000/00000043.DCM,47
20200227_DATA/ZA-H10-3_000/00000044.DCM,47
20200227_DATA/ZA-H10-3_000/00000045.DCM,47
20200227_DATA/ZA-H10-3_000/00000046.DCM,47
20200227_DATA/ZA-H10-3_000/00000047.DCM,47
20200227_DATA/ZA-F1-4_000/00000001.DCM,61
20200227_DATA/ZA-F1-4_000/00000002.DCM,61
20200227_DATA/ZA-F1-4_000/00000003.DCM,61
20200227_DATA/ZA-F1-4_000/00000004.DCM,61
20200227_DATA/ZA-F1-4_000/00000005.DCM,61
20200227_DATA/ZA-F1-4_000/00000006.DCM,61
20200227_DATA/ZA-F1-4_000/00000007.DCM,61
20200227_DATA/ZA-F1-4_000/00000008.DCM,61
20200227_DATA/ZA-F1-4_000/00000009.DCM,61
20200227_DATA/ZA-F1-4_000/00000010.DCM,61
20200227_DATA/ZA-F1-4_000/00000011.DCM,61
20200227_DATA/ZA-F1-4_000/00000012.DCM,61
20200227_DATA/ZA-F1-4_000/00000013.DCM,61
20200227_DATA/ZA-F1-4_000/00000014.DCM,61
20200227_DATA/ZA-F1-4_000/00000015.DCM,61
20200227_DATA/ZA-F1-4_000/00000016.DCM,61
20200227_DATA/ZA-F1-4_000/00000017.DCM,61
20200227_DATA/ZA-F1-4_000/00000018.DCM,61
20200227_DATA/ZA-F1-4_000/00000019.DCM,61
20200227_DATA/ZA-F1-4_000/00000020.DCM,61
20200227_DATA/ZA-F1-4_000/00000021.DCM,61
20200227_DATA/ZA-F1-4_000/00000022.DCM,61
20200227_DATA/ZA-F1-4_000/00000023.DCM,61
20200227_DATA/ZA-F1-4_000/00000024.DCM,61
20200227_DATA/ZA-F1-4_000/00000025.DCM,61
20200227_DATA/ZA-F1-4_000/00000026.DCM,61
20200227_DATA/ZA-F1-4_000/00000027.DCM,61
20200227_DATA/ZA-F1-4_000/00000028.DCM,61
20200227_DATA/ZA-F1-4_000/00000029.DCM,61
20200227_DATA/ZA-F1-4_000/00000030.DCM,61
20200227_DATA/ZA-F1-4_000/00000031.DCM,61
20200227_DATA/ZA-F1-4_000/00000032.DCM,61
20200227_DATA/ZA-F1-4_000/00000033.DCM,61
20200227_DATA/ZA-F1-4_000/00000034.DCM,61
20200227_DATA/ZA-F1-4_000/00000035.DCM,61
20200227_DATA/ZA-F1-4_000/00000036.DCM,61
20200227_DATA/ZA-F1-4_000/00000037.DCM,61
20200227_DATA/ZA-F1-4_000/00000038.DCM,61
20200227_DATA/ZA-F1-4_000/00000039.DCM,61
20200227_DATA/ZA-F1-4_000/00000040.DCM,61
20200227_DATA/ZA-F1-4_000/00000041.DCM,61
20200227_DATA/ZA-F1-4_000/00000042.DCM,61
20200227_DATA/ZA-F1-4_000/00000043.DCM,61
20200227_DATA/ZA-F1-4_000/00000044.DCM,61
20200227_DATA/ZA-F1-4_000/00000045.DCM,61
20200227_DATA/ZA-F1-4_000/00000046.DCM,61
20200227_DATA/ZA-F1-4_000/00000047.DCM,61
20200227_DATA/ZA-F1-4_000/00000048.DCM,61
20200227_DATA/ZA-F1-4_000/00000049.DCM,61
20200227_DATA/ZA-F1-4_000/00000050.DCM,61
20200227_DATA/ZA-F1-4_000/00000051.DCM,61
20200227_DATA/ZA-F1-4_000/00000052.DCM,61
20200227_DATA/ZA-F1-4_000/00000053.DCM,61
20200227_DATA/ZA-F1-4_000/00000054.DCM,61
20200227_DATA/ZA-F1-4_000/00000055.DCM,61
20200227_DATA/ZA-F1-4_000/00000056.DCM,61
20200227_DATA/ZA-F1-4_000/00000057.DCM,61
20200227_DATA/ZA-F1-4_000/00000058.DCM,61
20200227_DATA/ZA-F1-4_000/00000059.DCM,61
20200227_DATA/ZA-F1-4_000/00000060.DCM,61
20200227_DATA/ZA-F1-4_000/00000061.DCM,61
20200227_DATA/ZA-F2-3_000/00000001.DCM,49
20200227_DATA/ZA-F2-3_000/00000002.DCM,49
20200227_DATA/ZA-F2-3_000/00000003.DCM,49
20200227_DATA/ZA-F2-3_000/00000004.DCM,49
20200227_DATA/ZA-F2-3_000/00000005.DCM,49
20200227_DATA/ZA-F2-3_000/00000006.DCM,49
20200227_DATA/ZA-F2-3_000/00000007.DCM,49
20200227_DATA/ZA-F2-3_000/00000008.DCM,49
20200227_DATA/ZA-F2-3_000/00000009.DCM,49
20200227_DATA/ZA-F2-3_000/00000010.DCM,49
20200227_DATA/ZA-F2-3_000/00000011.DCM,49
20200227_DATA/ZA-F2-3_000/00000012.DCM,49
20200227_DATA/ZA-F2-3_000/00000013.DCM,49
20200227_DATA/ZA-F2-3_000/00000014.DCM,49
20200227_DATA/ZA-F2-3_000/00000015.DCM,49
20200227_DATA/ZA-F2-3_000/00000016.DCM,49
20200227_DATA/ZA-F2-3_000/00000017.DCM,49
20200227_DATA/ZA-F2-3_000/00000018.DCM,49
20200227_DATA/ZA-F2-3_000/00000019.DCM,49
20200227_DATA/ZA-F2-3_000/00000020.DCM,49
20200227_DATA/ZA-F2-3_000/00000021.DCM,49
20200227_DATA/ZA-F2-3_000/00000022.DCM,49
20200227_DATA/ZA-F2-3_000/00000023.DCM,49
20200227_DATA/ZA-F2-3_000/00000024.DCM,49
20200227_DATA/ZA-F2-3_000/00000025.DCM,49
20200227_DATA/ZA-F2-3_000/00000026.DCM,49
20200227_DATA/ZA-F2-3_000/00000027.DCM,49
20200227_DATA/ZA-F2-3_000/00000028.DCM,49
20200227_DATA/ZA-F2-3_000/00000029.DCM,49
20200227_DATA/ZA-F2-3_000/00000030.DCM,49
20200227_DATA/ZA-F2-3_000/00000031.DCM,49
20200227_DATA/ZA-F2-3_000/00000032.DCM,49
20200227_DATA/ZA-F2-3_000/00000033.DCM,49
20200227_DATA/ZA-F2-3_000/00000034.DCM,49
20200227_DATA/ZA-F2-3_000/00000035.DCM,49
20200227_DATA/ZA-F2-3_000/00000036.DCM,49
20200227_DATA/ZA-F2-3_000/00000037.DCM,49
20200227_DATA/ZA-F2-3_000/00000038.DCM,49
20200227_DATA/ZA-F2-3_000/00000039.DCM,49
20200227_DATA/ZA-F2-3_000/00000040.DCM,49
20200227_DATA/ZA-F2-3_000/00000041.DCM,49
20200227_DATA/ZA-F2-3_000/00000042.DCM,49
20200227_DATA/ZA-F2-3_000/00000043.DCM,49
20200227_DATA/ZA-F2-3_000/00000044.DCM,49
20200227_DATA/ZA-F2-3_000/00000045.DCM,49
20200227_DATA/ZA-F2-3_000/00000046.DCM,49
20200227_DATA/ZA-F2-3_000/00000047.DCM,49
20200227_DATA/ZA-F2-3_000/00000048.DCM,49
20200227_DATA/ZA-F2-3_000/00000049.DCM,49
20200227_DATA/ZA-F9-4_000/00000001.DCM,53
20200227_DATA/ZA-F9-4_000/00000002.DCM,53
20200227_DATA/ZA-F9-4_000/00000003.DCM,53
20200227_DATA/ZA-F9-4_000/00000004.DCM,53
20200227_DATA/ZA-F9-4_000/00000005.DCM,53
20200227_DATA/ZA-F9-4_000/00000006.DCM,53
20200227_DATA/ZA-F9-4_000/00000007.DCM,53
20200227_DATA/ZA-F9-4_000/00000008.DCM,53
20200227_DATA/ZA-F9-4_000/00000009.DCM,53
20200227_DATA/ZA-F9-4_000/00000010.DCM,53
20200227_DATA/ZA-F9-4_000/00000011.DCM,53
20200227_DATA/ZA-F9-4_000/00000012.DCM,53
20200227_DATA/ZA-F9-4_000/00000013.DCM,53
20200227_DATA/ZA-F9-4_000/00000014.DCM,53
20200227_DATA/ZA-F9-4_000/00000015.DCM,53
20200227_DATA/ZA-F9-4_000/00000016.DCM,53
20200227_DATA/ZA-F9-4_000/00000017.DCM,53
20200227_DATA/ZA-F9-4_000/00000018.DCM,53
20200227_DATA/ZA-F9-4_000/00000019.DCM,53
20200227_DATA/ZA-F9-4_000/00000020.DCM,53
20200227_DATA/ZA-F9-4_000/00000021.DCM,53
20200227_DATA/ZA-F9-4_000/00000022.DCM,53
20200227_DATA/ZA-F9-4_000/00000023.DCM,53
20200227_DATA/ZA-F9-4_000/00000024.DCM,53
20200227_DATA/ZA-F9-4_000/00000025.DCM,53
20200227_DATA/ZA-F9-4_000/00000026.DCM,53
20200227_DATA/ZA-F9-4_000/00000027.DCM,53
20200227_DATA/ZA-F9-4_000/00000028.DCM,53
20200227_DATA/ZA-F9-4_000/00000029.DCM,53
20200227_DATA/ZA-F9-4_000/00000030.DCM,53
20200227_DATA/ZA-F9-4_000/00000031.DCM,53
20200227_DATA/ZA-F9-4_000/00000032.DCM,53
20200227_DATA/ZA-F9-4_000/00000033.DCM,53
20200227_DATA/ZA-F9-4_000/00000034.DCM,53
20200227_DATA/ZA-F9-4_000/00000035.DCM,53
20200227_DATA/ZA-F9-4_000/00000036.DCM,53
20200227_DATA/ZA-F9-4_000/00000037.DCM,53
20200227_DATA/ZA-F9-4_000/00000038.DCM,53
20200227_DATA/ZA-F9-4_000/00000039.DCM,53
20200227_DATA/ZA-F9-4_000/00000040.DCM,53
20200227_DATA/ZA-F9-4_000/00000041.DCM,53
20200227_DATA/ZA-F9-4_000/00000042.DCM,53
20200227_DATA/ZA-F9-4_000/00000043.DCM,53
20200227_DATA/ZA-F9-4_000/00000044.DCM,53
20200227_DATA/ZA-F9-4_000/00000045.DCM,53
20200227_DATA/ZA-F9-4_000/00000046.DCM,53
20200227_DATA/ZA-F9-4_000/00000047.DCM,53
20200227_DATA/ZA-F9-4_000/00000048.DCM,53
20200227_DATA/ZA-F9-4_000/00000049.DCM,53
20200227_DATA/ZA-F9-4_000/00000050.DCM,53
20200227_DATA/ZA-F9-4_000/00000051.DCM,53
20200227_DATA/ZA-F9-4_000/00000052.DCM,53
20200227_DATA/ZA-F9-4_000/00000053.DCM,53
20200227_DATA/ZA-H10-4_000/00000001.DCM,44
20200227_DATA/ZA-H10-4_000/00000002.DCM,44
20200227_DATA/ZA-H10-4_000/00000003.DCM,44
20200227_DATA/ZA-H10-4_000/00000004.DCM,44
20200227_DATA/ZA-H10-4_000/00000005.DCM,44
20200227_DATA/ZA-H10-4_000/00000006.DCM,44
20200227_DATA/ZA-H10-4_000/00000007.DCM,44
20200227_DATA/ZA-H10-4_000/00000008.DCM,44
20200227_DATA/ZA-H10-4_000/00000009.DCM,44
20200227_DATA/ZA-H10-4_000/00000010.DCM,44
20200227_DATA/ZA-H10-4_000/00000011.DCM,44
20200227_DATA/ZA-H10-4_000/00000012.DCM,44
20200227_DATA/ZA-H10-4_000/00000013.DCM,44
20200227_DATA/ZA-H10-4_000/00000014.DCM,44
20200227_DATA/ZA-H10-4_000/00000015.DCM,44
20200227_DATA/ZA-H10-4_000/00000016.DCM,44
20200227_DATA/ZA-H10-4_000/00000017.DCM,44
20200227_DATA/ZA-H10-4_000/00000018.DCM,44
20200227_DATA/ZA-H10-4_000/00000019.DCM,44
20200227_DATA/ZA-H10-4_000/00000020.DCM,44
20200227_DATA/ZA-H10-4_000/00000021.DCM,44
20200227_DATA/ZA-H10-4_000/00000022.DCM,44
20200227_DATA/ZA-H10-4_000/00000023.DCM,44
20200227_DATA/ZA-H10-4_000/00000024.DCM,44
20200227_DATA/ZA-H10-4_000/00000025.DCM,44
20200227_DATA/ZA-H10-4_000/00000026.DCM,44
20200227_DATA/ZA-H10-4_000/00000027.DCM,44
20200227_DATA/ZA-H10-4_000/00000028.DCM,44
20200227_DATA/ZA-H10-4_000/00000029.DCM,44
20200227_DATA/ZA-H10-4_000/00000030.DCM,44
20200227_DATA/ZA-H10-4_000/00000031.DCM,44
20200227_DATA/ZA-H10-4_000/00000032.DCM,44
20200227_DATA/ZA-H10-4_000/00000033.DCM,44
20200227_DATA/ZA-H10-4_000/00000034.DCM,44
20200227_DATA/ZA-H10-4_000/00000035.DCM,44
20200227_DATA/ZA-H10-4_000/00000036.DCM,44
20200227_DATA/ZA-H10-4_000/00000037.DCM,44
20200227_DATA/ZA-H10-4_000/00000038.DCM,44
20200227_DATA/ZA-H10-4_000/00000039.DCM,44
20200227_DATA/ZA-H10-4_000/00000040.DCM,44
20200227_DATA/ZA-H10-4_000/00000041.DCM,44
20200227_DATA/ZA-H10-4_000/00000042.DCM,44
20200227_DATA/ZA-H10-4_000/00000043.DCM,44
20200227_DATA/ZA-H10-4_000/00000044.DCM,44
20200227_DATA/ZA-F6-25_000/00000001.DCM,51
20200227_DATA/ZA-F6-25_000/00000002.DCM,51
20200227_DATA/ZA-F6-25_000/00000003.DCM,51
20200227_DATA/ZA-F6-25_000/00000004.DCM,51
20200227_DATA/ZA-F6-25_000/00000005.DCM,51
20200227_DATA/ZA-F6-25_000/00000006.DCM,51
20200227_DATA/ZA-F6-25_000/00000007.DCM,51
20200227_DATA/ZA-F6-25_000/00000008.DCM,51
20200227_DATA/ZA-F6-25_000/00000009.DCM,51
20200227_DATA/ZA-F6-25_000/00000010.DCM,51
20200227_DATA/ZA-F6-25_000/00000011.DCM,51
20200227_DATA/ZA-F6-25_000/00000012.DCM,51
20200227_DATA/ZA-F6-25_000/00000013.DCM,51
20200227_DATA/ZA-F6-25_000/00000014.DCM,51
20200227_DATA/ZA-F6-25_000/00000015.DCM,51
20200227_DATA/ZA-F6-25_000/00000016.DCM,51
20200227_DATA/ZA-F6-25_000/00000017.DCM,51
20200227_DATA/ZA-F6-25_000/00000018.DCM,51
20200227_DATA/ZA-F6-25_000/00000019.DCM,51
20200227_DATA/ZA-F6-25_000/00000020.DCM,51
20200227_DATA/ZA-F6-25_000/00000021.DCM,51
20200227_DATA/ZA-F6-25_000/00000022.DCM,51
20200227_DATA/ZA-F6-25_000/00000023.DCM,51
20200227_DATA/ZA-F6-25_000/00000024.DCM,51
20200227_DATA/ZA-F6-25_000/00000025.DCM,51
20200227_DATA/ZA-F6-25_000/00000026.DCM,51
20200227_DATA/ZA-F6-25_000/00000027.DCM,51
20200227_DATA/ZA-F6-25_000/00000028.DCM,51
20200227_DATA/ZA-F6-25_000/00000029.DCM,51
20200227_DATA/ZA-F6-25_000/00000030.DCM,51
20200227_DATA/ZA-F6-25_000/00000031.DCM,51
20200227_DATA/ZA-F6-25_000/00000032.DCM,51
20200227_DATA/ZA-F6-25_000/00000033.DCM,51
20200227_DATA/ZA-F6-25_000/00000034.DCM,51
20200227_DATA/ZA-F6-25_000/00000035.DCM,51
20200227_DATA/ZA-F6-25_000/00000036.DCM,51
20200227_DATA/ZA-F6-25_000/00000037.DCM,51
20200227_DATA/ZA-F6-25_000/00000038.DCM,51
20200227_DATA/ZA-F6-25_000/00000039.DCM,51
20200227_DATA/ZA-F6-25_000/00000040.DCM,51
20200227_DATA/ZA-F6-25_000/00000041.DCM,51
20200227_DATA/ZA-F6-25_000/00000042.DCM,51
20200227_DATA/ZA-F6-25_000/00000043.DCM,51
20200227_DATA/ZA-F6-25_000/00000044.DCM,51
20200227_DATA/ZA-F6-25_000/00000045.DCM,51
20200227_DATA/ZA-F6-25_000/00000046.DCM,51
20200227_DATA/ZA-F6-25_000/00000047.DCM,51
20200227_DATA/ZA-F6-25_000/00000048.DCM,51
20200227_DATA/ZA-F6-25_000/00000049.DCM,51
20200227_DATA/ZA-F6-25_000/00000050.DCM,51
20200227_DATA/ZA-F6-25_000/00000051.DCM,51
20200227_DATA/ZA-F3-27_000/00000001.DCM,54
20200227_DATA/ZA-F3-27_000/00000002.DCM,54
20200227_DATA/ZA-F3-27_000/00000003.DCM,54
20200227_DATA/ZA-F3-27_000/00000004.DCM,54
20200227_DATA/ZA-F3-27_000/00000005.DCM,54
20200227_DATA/ZA-F3-27_000/00000006.DCM,54
20200227_DATA/ZA-F3-27_000/00000007.DCM,54
20200227_DATA/ZA-F3-27_000/00000008.DCM,54
20200227_DATA/ZA-F3-27_000/00000009.DCM,54
20200227_DATA/ZA-F3-27_000/00000010.DCM,54
20200227_DATA/ZA-F3-27_000/00000011.DCM,54
20200227_DATA/ZA-F3-27_000/00000012.DCM,54
20200227_DATA/ZA-F3-27_000/00000013.DCM,54
20200227_DATA/ZA-F3-27_000/00000014.DCM,54
20200227_DATA/ZA-F3-27_000/00000015.DCM,54
20200227_DATA/ZA-F3-27_000/00000016.DCM,54
20200227_DATA/ZA-F3-27_000/00000017.DCM,54
20200227_DATA/ZA-F3-27_000/00000018.DCM,54
20200227_DATA/ZA-F3-27_000/00000019.DCM,54
20200227_DATA/ZA-F3-27_000/00000020.DCM,54
20200227_DATA/ZA-F3-27_000/00000021.DCM,54
20200227_DATA/ZA-F3-27_000/00000022.DCM,54
20200227_DATA/ZA-F3-27_000/00000023.DCM,54
20200227_DATA/ZA-F3-27_000/00000024.DCM,54
20200227_DATA/ZA-F3-27_000/00000025.DCM,54
20200227_DATA/ZA-F3-27_000/00000026.DCM,54
20200227_DATA/ZA-F3-27_000/00000027.DCM,54
20200227_DATA/ZA-F3-27_000/00000028.DCM,54
20200227_DATA/ZA-F3-27_000/00000029.DCM,54
20200227_DATA/ZA-F3-27_000/00000030.DCM,54
20200227_DATA/ZA-F3-27_000/00000031.DCM,54
20200227_DATA/ZA-F3-27_000/00000032.DCM,54
20200227_DATA/ZA-F3-27_000/00000033.DCM,54
20200227_DATA/ZA-F3-27_000/00000034.DCM,54
20200227_DATA/ZA-F3-27_000/00000035.DCM,54
20200227_DATA/ZA-F3-27_000/00000036.DCM,54
20200227_DATA/ZA-F3-27_000/00000037.DCM,54
20200227_DATA/ZA-F3-27_000/00000038.DCM,54
20200227_DATA/ZA-F3-27_000/00000039.DCM,54
20200227_DATA/ZA-F3-27_000/00000040.DCM,54
20200227_DATA/ZA-F3-27_000/00000041.DCM,54
20200227_DATA/ZA-F3-27_000/00000042.DCM,54
20200227_DATA/ZA-F3-27_000/00000043.DCM,54
20200227_DATA/ZA-F3-27_000/00000044.DCM,54
20200227_DATA/ZA-F3-27_000/00000045.DCM,54
20200227_DATA/ZA-F3-27_000/00000046.DCM,54
20200227_DATA/ZA-F3-27_000/00000047.DCM,54
20200227_DATA/ZA-F3-27_000/00000048.DCM,54
20200227_DATA/ZA-F3-27_000/00000049.DCM,54
20200227_DATA/ZA-F3-27_000/00000050.DCM,54
20200227_DATA/ZA-F3-27_000/00000051.DCM,54
20200227_DATA/ZA-F3-27_000/00000052.DCM,54
20200227_DATA/ZA-F3-27_000/00000053.DCM,54
20200227_DATA/ZA-F3-27_000/00000054.DCM,54
20200227_DATA/ZA-H10-23_000/00000001.DCM,44
20200227_DATA/ZA-H10-23_000/00000002.DCM,44
20200227_DATA/ZA-H10-23_000/00000003.DCM,44
20200227_DATA/ZA-H10-23_000/00000004.DCM,44
20200227_DATA/ZA-H10-23_000/00000005.DCM,44
20200227_DATA/ZA-H10-23_000/00000006.DCM,44
20200227_DATA/ZA-H10-23_000/00000007.DCM,44
20200227_DATA/ZA-H10-23_000/00000008.DCM,44
20200227_DATA/ZA-H10-23_000/00000009.DCM,44
20200227_DATA/ZA-H10-23_000/00000010.DCM,44
20200227_DATA/ZA-H10-23_000/00000011.DCM,44
20200227_DATA/ZA-H10-23_000/00000012.DCM,44
20200227_DATA/ZA-H10-23_000/00000013.DCM,44
20200227_DATA/ZA-H10-23_000/00000014.DCM,44
20200227_DATA/ZA-H10-23_000/00000015.DCM,44
20200227_DATA/ZA-H10-23_000/00000016.DCM,44
20200227_DATA/ZA-H10-23_000/00000017.DCM,44
20200227_DATA/ZA-H10-23_000/00000018.DCM,44
20200227_DATA/ZA-H10-23_000/00000019.DCM,44
20200227_DATA/ZA-H10-23_000/00000020.DCM,44
20200227_DATA/ZA-H10-23_000/00000021.DCM,44
20200227_DATA/ZA-H10-23_000/00000022.DCM,44
20200227_DATA/ZA-H10-23_000/00000023.DCM,44
20200227_DATA/ZA-H10-23_000/00000024.DCM,44
20200227_DATA/ZA-H10-23_000/00000025.DCM,44
20200227_DATA/ZA-H10-23_000/00000026.DCM,44
20200227_DATA/ZA-H10-23_000/00000027.DCM,44
20200227_DATA/ZA-H10-23_000/00000028.DCM,44
20200227_DATA/ZA-H10-23_000/00000029.DCM,44
20200227_DATA/ZA-H10-23_000/00000030.DCM,44
20200227_DATA/ZA-H10-23_000/00000031.DCM,44
20200227_DATA/ZA-H10-23_000/00000032.DCM,44
20200227_DATA/ZA-H10-23_000/00000033.DCM,44
20200227_DATA/ZA-H10-23_000/00000034.DCM,44
20200227_DATA/ZA-H10-23_000/00000035.DCM,44
20200227_DATA/ZA-H10-23_000/00000036.DCM,44
20200227_DATA/ZA-H10-23_000/00000037.DCM,44
20200227_DATA/ZA-H10-23_000/00000038.DCM,44
20200227_DATA/ZA-H10-23_000/00000039.DCM,44
20200227_DATA/ZA-H10-23_000/00000040.DCM,44
20200227_DATA/ZA-H10-23_000/00000041.DCM,44
20200227_DATA/ZA-H10-23_000/00000042.DCM,44
20200227_DATA/ZA-H10-23_000/00000043.DCM,44
20200227_DATA/ZA-H10-23_000/00000044.DCM,44
20200227_DATA/ZA-F3-22_000/00000001.DCM,61
20200227_DATA/ZA-F3-22_000/00000002.DCM,61
20200227_DATA/ZA-F3-22_000/00000003.DCM,61
20200227_DATA/ZA-F3-22_000/00000004.DCM,61
20200227_DATA/ZA-F3-22_000/00000005.DCM,61
20200227_DATA/ZA-F3-22_000/00000006.DCM,61
20200227_DATA/ZA-F3-22_000/00000007.DCM,61
20200227_DATA/ZA-F3-22_000/00000008.DCM,61
20200227_DATA/ZA-F3-22_000/00000009.DCM,61
20200227_DATA/ZA-F3-22_000/00000010.DCM,61
20200227_DATA/ZA-F3-22_000/00000011.DCM,61
20200227_DATA/ZA-F3-22_000/00000012.DCM,61
20200227_DATA/ZA-F3-22_000/00000013.DCM,61
20200227_DATA/ZA-F3-22_000/00000014.DCM,61
20200227_DATA/ZA-F3-22_000/00000015.DCM,61
20200227_DATA/ZA-F3-22_000/00000016.DCM,61
20200227_DATA/ZA-F3-22_000/00000017.DCM,61
20200227_DATA/ZA-F3-22_000/00000018.DCM,61
20200227_DATA/ZA-F3-22_000/00000019.DCM,61
20200227_DATA/ZA-F3-22_000/00000020.DCM,61
20200227_DATA/ZA-F3-22_000/00000021.DCM,61
20200227_DATA/ZA-F3-22_000/00000022.DCM,61
20200227_DATA/ZA-F3-22_000/00000023.DCM,61
20200227_DATA/ZA-F3-22_000/00000024.DCM,61
20200227_DATA/ZA-F3-22_000/00000025.DCM,61
20200227_DATA/ZA-F3-22_000/00000026.DCM,61
20200227_DATA/ZA-F3-22_000/00000027.DCM,61
20200227_DATA/ZA-F3-22_000/00000028.DCM,61
20200227_DATA/ZA-F3-22_000/00000029.DCM,61
20200227_DATA/ZA-F3-22_000/00000030.DCM,61
20200227_DATA/ZA-F3-22_000/00000031.DCM,61
20200227_DATA/ZA-F3-22_000/00000032.DCM,61
20200227_DATA/ZA-F3-22_000/00000033.DCM,61
20200227_DATA/ZA-F3-22_000/00000034.DCM,61
20200227_DATA/ZA-F3-22_000/00000035.DCM,61
20200227_DATA/ZA-F3-22_000/00000036.DCM,61
20200227_DATA/ZA-F3-22_000/00000037.DCM,61
20200227_DATA/ZA-F3-22_000/00000038.DCM,61
20200227_DATA/ZA-F3-22_000/00000039.DCM,61
20200227_DATA/ZA-F3-22_000/00000040.DCM,61
20200227_DATA/ZA-F3-22_000/00000041.DCM,61
20200227_DATA/ZA-F3-22_000/00000042.DCM,61
20200227_DATA/ZA-F3-22_000/00000043.DCM,61
20200227_DATA/ZA-F3-22_000/00000044.DCM,61
20200227_DATA/ZA-F3-22_000/00000045.DCM,61
20200227_DATA/ZA-F3-22_000/00000046.DCM,61
20200227_DATA/ZA-F3-22_000/00000047.DCM,61
20200227_DATA/ZA-F3-22_000/00000048.DCM,61
20200227_DATA/ZA-F3-22_000/00000049.DCM,61
20200227_DATA/ZA-F3-22_000/00000050.DCM,61
20200227_DATA/ZA-F3-22_000/00000051.DCM,61
20200227_DATA/ZA-F3-22_000/00000052.DCM,61
20200227_DATA/ZA-F3-22_000/00000053.DCM,61
20200227_DATA/ZA-F3-22_000/00000054.DCM,61
20200227_DATA/ZA-F3-22_000/00000055.DCM,61
20200227_DATA/ZA-F3-22_000/00000056.DCM,61
20200227_DATA/ZA-F3-22_000/00000057.DCM,61
20200227_DATA/ZA-F3-22_000/00000058.DCM,61
20200227_DATA/ZA-F3-22_000/00000059.DCM,61
20200227_DATA/ZA-F3-22_000/00000060.DCM,61
20200227_DATA/ZA-F3-22_000/00000061.DCM,61
20200227_DATA/ZA-H10-25_000/00000001.DCM,48
20200227_DATA/ZA-H10-25_000/00000002.DCM,48
20200227_DATA/ZA-H10-25_000/00000003.DCM,48
20200227_DATA/ZA-H10-25_000/00000004.DCM,48
20200227_DATA/ZA-H10-25_000/00000005.DCM,48
20200227_DATA/ZA-H10-25_000/00000006.DCM,48
20200227_DATA/ZA-H10-25_000/00000007.DCM,48
20200227_DATA/ZA-H10-25_000/00000008.DCM,48
20200227_DATA/ZA-H10-25_000/00000009.DCM,48
20200227_DATA/ZA-H10-25_000/00000010.DCM,48
20200227_DATA/ZA-H10-25_000/00000011.DCM,48
20200227_DATA/ZA-H10-25_000/00000012.DCM,48
20200227_DATA/ZA-H10-25_000/00000013.DCM,48
20200227_DATA/ZA-H10-25_000/00000014.DCM,48
20200227_DATA/ZA-H10-25_000/00000015.DCM,48
20200227_DATA/ZA-H10-25_000/00000016.DCM,48
20200227_DATA/ZA-H10-25_000/00000017.DCM,48
20200227_DATA/ZA-H10-25_000/00000018.DCM,48
20200227_DATA/ZA-H10-25_000/00000019.DCM,48
20200227_DATA/ZA-H10-25_000/00000020.DCM,48
20200227_DATA/ZA-H10-25_000/00000021.DCM,48
20200227_DATA/ZA-H10-25_000/00000022.DCM,48
20200227_DATA/ZA-H10-25_000/00000023.DCM,48
20200227_DATA/ZA-H10-25_000/00000024.DCM,48
20200227_DATA/ZA-H10-25_000/00000025.DCM,48
20200227_DATA/ZA-H10-25_000/00000026.DCM,48
20200227_DATA/ZA-H10-25_000/00000027.DCM,48
20200227_DATA/ZA-H10-25_000/00000028.DCM,48
20200227_DATA/ZA-H10-25_000/00000029.DCM,48
20200227_DATA/ZA-H10-25_000/00000030.DCM,48
20200227_DATA/ZA-H10-25_000/00000031.DCM,48
20200227_DATA/ZA-H10-25_000/00000032.DCM,48
20200227_DATA/ZA-H10-25_000/00000033.DCM,48
20200227_DATA/ZA-H10-25_000/00000034.DCM,48
20200227_DATA/ZA-H10-25_000/00000035.DCM,48
20200227_DATA/ZA-H10-25_000/00000036.DCM,48
20200227_DATA/ZA-H10-25_000/00000037.DCM,48
20200227_DATA/ZA-H10-25_000/00000038.DCM,48
20200227_DATA/ZA-H10-25_000/00000039.DCM,48
20200227_DATA/ZA-H10-25_000/00000040.DCM,48
20200227_DATA/ZA-H10-25_000/00000041.DCM,48
20200227_DATA/ZA-H10-25_000/00000042.DCM,48
20200227_DATA/ZA-H10-25_000/00000043.DCM,48
20200227_DATA/ZA-H10-25_000/00000044.DCM,48
20200227_DATA/ZA-H10-25_000/00000045.DCM,48
20200227_DATA/ZA-H10-25_000/00000046.DCM,48
20200227_DATA/ZA-H10-25_000/00000047.DCM,48
20200227_DATA/ZA-H10-25_000/00000048.DCM,48
20200227_DATA/ZA-H10-1_000/00000001.DCM,41
20200227_DATA/ZA-H10-1_000/00000002.DCM,41
20200227_DATA/ZA-H10-1_000/00000003.DCM,41
20200227_DATA/ZA-H10-1_000/00000004.DCM,41
20200227_DATA/ZA-H10-1_000/00000005.DCM,41
20200227_DATA/ZA-H10-1_000/00000006.DCM,41
20200227_DATA/ZA-H10-1_000/00000007.DCM,41
20200227_DATA/ZA-H10-1_000/00000008.DCM,41
20200227_DATA/ZA-H10-1_000/00000009.DCM,41
20200227_DATA/ZA-H10-1_000/00000010.DCM,41
20200227_DATA/ZA-H10-1_000/00000011.DCM,41
20200227_DATA/ZA-H10-1_000/00000012.DCM,41
20200227_DATA/ZA-H10-1_000/00000013.DCM,41
20200227_DATA/ZA-H10-1_000/00000014.DCM,41
20200227_DATA/ZA-H10-1_000/00000015.DCM,41
20200227_DATA/ZA-H10-1_000/00000016.DCM,41
20200227_DATA/ZA-H10-1_000/00000017.DCM,41
20200227_DATA/ZA-H10-1_000/00000018.DCM,41
20200227_DATA/ZA-H10-1_000/00000019.DCM,41
20200227_DATA/ZA-H10-1_000/00000020.DCM,41
20200227_DATA/ZA-H10-1_000/00000021.DCM,41
20200227_DATA/ZA-H10-1_000/00000022.DCM,41
20200227_DATA/ZA-H10-1_000/00000023.DCM,41
20200227_DATA/ZA-H10-1_000/00000024.DCM,41
20200227_DATA/ZA-H10-1_000/00000025.DCM,41
20200227_DATA/ZA-H10-1_000/00000026.DCM,41
20200227_DATA/ZA-H10-1_000/00000027.DCM,41
20200227_DATA/ZA-H10-1_000/00000028.DCM,41
20200227_DATA/ZA-H10-1_000/00000029.DCM,41
20200227_DATA/ZA-H10-1_000/00000030.DCM,41
20200227_DATA/ZA-H10-1_000/00000031.DCM,41
20200227_DATA/ZA-H10-1_000/00000032.DCM,41
20200227_DATA/ZA-H10-1_000/00000033.DCM,41
20200227_DATA/ZA-H10-1_000/00000034.DCM,41
20200227_DATA/ZA-H10-1_000/00000035.DCM,41
20200227_DATA/ZA-H10-1_000/00000036.DCM,41
20200227_DATA/ZA-H10-1_000/00000037.DCM,41
20200227_DATA/ZA-H10-1_000/00000038.DCM,41
20200227_DATA/ZA-H10-1_000/00000039.DCM,41
20200227_DATA/ZA-H10-1_000/00000040.DCM,41
20200227_DATA/ZA-H10-1_000/00000041.DCM,41
